"","decimalLongitude","decimalLatitude","key","mon_1","mon_2","mon_3","mon_4","mon_5","mon_6","mon_7","mon_8","mon_9","mon_10","mon_11","mon_12","scientificname","code","WI"
"1",120.752222,22.630556,891605589,65,71,85,105,127,141,146,144,136,121,99,75,"Veronica morrisonicola",70,71.5
"2",120.752222,22.630556,891658226,65,71,85,105,127,141,146,144,136,121,99,75,"Veronica morrisonicola",70,71.5
"3",120.933889,22.698611,891597675,120,127,145,168,189,204,209,207,199,182,158,130,"Veronica morrisonicola",70,143.8
"4",121.14,22.76,2417386297,186,195,217,243,264,280,286,283,274,256,230,198,"Veronica morrisonicola",70,231.2
"5",120.907778,23.231111,891605257,18,23,37,59,84,101,106,105,95,77,53,27,"Veronica morrisonicola",70,28
"6",120.907778,23.231111,891615511,18,23,37,59,84,101,106,105,95,77,53,27,"Veronica morrisonicola",70,28
"7",120.907778,23.231111,891615512,18,23,37,59,84,101,106,105,95,77,53,27,"Veronica morrisonicola",70,28
"8",120.907778,23.231111,891615525,18,23,37,59,84,101,106,105,95,77,53,27,"Veronica morrisonicola",70,28
"9",120.907778,23.231111,891617063,18,23,37,59,84,101,106,105,95,77,53,27,"Veronica morrisonicola",70,28
"10",120.907778,23.231111,891617140,18,23,37,59,84,101,106,105,95,77,53,27,"Veronica morrisonicola",70,28
"11",120.91,23.24,1085977310,17,23,37,59,84,100,106,104,95,76,53,27,"Veronica morrisonicola",70,27.7
"12",120.905556,23.247222,891594028,43,50,66,89,114,131,137,135,125,106,82,54,"Veronica morrisonicola",70,53.9
"13",120.937778,23.249167,1821881915,23,28,43,65,90,107,112,111,101,83,59,33,"Veronica morrisonicola",70,32.8
"14",120.969722,23.249722,891618109,83,90,109,135,159,176,183,180,170,151,125,94,"Veronica morrisonicola",70,105.5
"15",120.932222,23.252778,1821903534,43,49,65,88,113,130,136,134,124,105,81,53,"Veronica morrisonicola",70,52.9
"16",120.93,23.26,1085990001,64,71,88,113,138,155,161,159,149,130,104,75,"Veronica morrisonicola",70,80.7
"17",120.931389,23.262222,1821903775,64,71,88,113,138,155,161,159,149,130,104,75,"Veronica morrisonicola",70,80.7
"18",121.116667,23.266667,1821873915,101,108,128,154,178,195,202,200,189,169,143,112,"Veronica morrisonicola",70,127.9
"19",120.913056,23.278889,891621477,64,71,89,114,139,156,162,160,150,130,105,75,"Veronica morrisonicola",70,81.5
"20",120.913056,23.278889,891621485,64,71,89,114,139,156,162,160,150,130,105,75,"Veronica morrisonicola",70,81.5
"21",120.962222,23.455278,574732593,6,11,25,48,74,92,98,96,86,66,42,16,"Veronica morrisonicola",70,21.2
"22",120.919722,23.460833,891632233,56,63,81,106,132,150,157,155,145,124,98,67,"Veronica morrisonicola",70,73.4
"23",120.919722,23.460833,891632234,56,63,81,106,132,150,157,155,145,124,98,67,"Veronica morrisonicola",70,73.4
"24",120.919722,23.460833,891632237,56,63,81,106,132,150,157,155,145,124,98,67,"Veronica morrisonicola",70,73.4
"25",120.930556,23.463889,1822071555,34,41,57,81,107,125,132,130,119,99,74,45,"Veronica morrisonicola",70,47.4
"26",120.93013,23.464372,1935580613,34,41,57,81,107,125,132,130,119,99,74,45,"Veronica morrisonicola",70,47.4
"27",120.954618,23.464826,1883472211,-6,-2,11,33,59,77,83,81,71,52,29,3,"Veronica morrisonicola",70,12.3
"28",120.941499,23.465397,1883471967,25,31,46,70,96,114,120,118,108,88,63,35,"Veronica morrisonicola",70,37.7
"29",120.949444,23.466111,574789412,7,12,27,50,75,93,99,98,88,68,44,17,"Veronica morrisonicola",70,22.1
"30",120.949751,23.46645,1883472129,7,12,27,50,75,93,99,98,88,68,44,17,"Veronica morrisonicola",70,22.1
"31",120.949737,23.466462,1883472143,7,12,27,50,75,93,99,98,88,68,44,17,"Veronica morrisonicola",70,22.1
"32",120.95,23.466667,1821904412,-4,1,14,36,62,80,86,85,74,55,32,6,"Veronica morrisonicola",70,14.2
"33",120.953857,23.467158,1883485450,-4,1,14,36,62,80,86,85,74,55,32,6,"Veronica morrisonicola",70,14.2
"34",120.954317,23.467167,1883485462,-4,1,14,36,62,80,86,85,74,55,32,6,"Veronica morrisonicola",70,14.2
"35",120.937778,23.4675,891621574,9,14,29,52,78,96,102,100,90,70,46,19,"Veronica morrisonicola",70,23.8
"36",120.937778,23.4675,891632201,9,14,29,52,78,96,102,100,90,70,46,19,"Veronica morrisonicola",70,23.8
"37",120.937778,23.4675,891632227,9,14,29,52,78,96,102,100,90,70,46,19,"Veronica morrisonicola",70,23.8
"38",120.937778,23.4675,891634852,9,14,29,52,78,96,102,100,90,70,46,19,"Veronica morrisonicola",70,23.8
"39",120.960556,23.468333,891633579,-8,-3,10,32,58,76,82,80,70,51,27,2,"Veronica morrisonicola",70,11.7
"40",120.960556,23.468333,891615583,-8,-3,10,32,58,76,82,80,70,51,27,2,"Veronica morrisonicola",70,11.7
"41",120.960556,23.468333,891615604,-8,-3,10,32,58,76,82,80,70,51,27,2,"Veronica morrisonicola",70,11.7
"42",120.960556,23.468333,891632114,-8,-3,10,32,58,76,82,80,70,51,27,2,"Veronica morrisonicola",70,11.7
"43",120.960556,23.468333,891634069,-8,-3,10,32,58,76,82,80,70,51,27,2,"Veronica morrisonicola",70,11.7
"44",120.960556,23.468333,891645252,-8,-3,10,32,58,76,82,80,70,51,27,2,"Veronica morrisonicola",70,11.7
"45",120.960556,23.468333,891658490,-8,-3,10,32,58,76,82,80,70,51,27,2,"Veronica morrisonicola",70,11.7
"46",120.960556,23.468333,891658257,-8,-3,10,32,58,76,82,80,70,51,27,2,"Veronica morrisonicola",70,11.7
"47",120.960556,23.468333,891661139,-8,-3,10,32,58,76,82,80,70,51,27,2,"Veronica morrisonicola",70,11.7
"48",120.960556,23.468333,891658345,-8,-3,10,32,58,76,82,80,70,51,27,2,"Veronica morrisonicola",70,11.7
"49",120.960556,23.468333,891658246,-8,-3,10,32,58,76,82,80,70,51,27,2,"Veronica morrisonicola",70,11.7
"50",120.905556,23.468611,891619624,50,57,74,100,126,144,151,148,138,117,91,61,"Veronica morrisonicola",70,65.7
"51",120.905556,23.468611,891630705,50,57,74,100,126,144,151,148,138,117,91,61,"Veronica morrisonicola",70,65.7
"52",120.905556,23.468611,891658236,50,57,74,100,126,144,151,148,138,117,91,61,"Veronica morrisonicola",70,65.7
"53",120.960833,23.468611,1821815459,-8,-3,10,32,58,76,82,80,70,51,27,2,"Veronica morrisonicola",70,11.7
"54",120.960833,23.468611,1821871552,-8,-3,10,32,58,76,82,80,70,51,27,2,"Veronica morrisonicola",70,11.7
"55",120.954075,23.468837,1883474825,-4,1,14,36,62,80,86,85,74,55,32,6,"Veronica morrisonicola",70,14.2
"56",120.955489,23.469444,1883474767,-4,1,14,36,62,80,86,85,74,55,32,6,"Veronica morrisonicola",70,14.2
"57",120.956116,23.469513,1914206734,-4,1,14,36,62,80,86,85,74,55,32,6,"Veronica morrisonicola",70,14.2
"58",120.94,23.47,1085974629,9,14,29,52,78,96,102,100,90,70,46,19,"Veronica morrisonicola",70,23.8
"59",120.94,23.47,1085988693,9,14,29,52,78,96,102,100,90,70,46,19,"Veronica morrisonicola",70,23.8
"60",120.95,23.47,1085985638,-4,1,14,36,62,80,86,85,74,55,32,6,"Veronica morrisonicola",70,14.2
"61",120.95,23.47,1085986107,-4,1,14,36,62,80,86,85,74,55,32,6,"Veronica morrisonicola",70,14.2
"62",120.95,23.47,1085987011,-4,1,14,36,62,80,86,85,74,55,32,6,"Veronica morrisonicola",70,14.2
"63",120.95,23.47,1086041118,-4,1,14,36,62,80,86,85,74,55,32,6,"Veronica morrisonicola",70,14.2
"64",120.916944,23.474722,891648159,31,37,53,77,103,121,127,125,115,95,70,41,"Veronica morrisonicola",70,43.6
"65",120.92,23.475833,891591276,31,37,53,78,103,122,128,126,116,95,70,42,"Veronica morrisonicola",70,44.1
"66",120.92,23.475833,891620472,31,37,53,78,103,122,128,126,116,95,70,42,"Veronica morrisonicola",70,44.1
"67",120.908889,23.478333,891658209,28,34,51,75,101,119,125,123,113,93,68,39,"Veronica morrisonicola",70,41.8
"68",120.988056,23.485556,891595590,29,35,51,75,101,119,126,124,113,93,68,40,"Veronica morrisonicola",70,42
"69",120.994167,23.503333,891617581,52,59,77,102,128,146,153,151,140,119,93,63,"Veronica morrisonicola",70,68.3
"70",120.925556,23.514167,891645254,83,91,111,139,165,183,191,188,177,155,128,95,"Veronica morrisonicola",70,110.6
"71",120.94,23.6,1086002091,55,62,81,108,134,153,160,158,147,125,98,67,"Veronica morrisonicola",70,74.8
"72",120.55,23.71,2417304477,162,171,197,231,257,277,287,284,274,249,217,177,"Veronica morrisonicola",70,218.3
"73",120.55,23.71,2417306721,162,171,197,231,257,277,287,284,274,249,217,177,"Veronica morrisonicola",70,218.3
"74",120.55,23.71,2417305183,162,171,197,231,257,277,287,284,274,249,217,177,"Veronica morrisonicola",70,218.3
"75",121.25,23.74,1085999072,40,46,62,88,115,135,143,140,128,106,81,51,"Veronica morrisonicola",70,54.9
"76",121.233333,23.75,891591146,29,35,51,76,103,123,130,128,116,94,69,40,"Veronica morrisonicola",70,44
"77",121.233333,23.75,891591199,29,35,51,76,103,123,130,128,116,94,69,40,"Veronica morrisonicola",70,44
"78",120.98,23.83,2417369265,79,86,107,137,165,185,194,191,179,155,126,92,"Veronica morrisonicola",70,109.6
"79",120.98,23.83,2417373151,79,86,107,137,165,185,194,191,179,155,126,92,"Veronica morrisonicola",70,109.6
"80",120.98,23.83,2417366499,79,86,107,137,165,185,194,191,179,155,126,92,"Veronica morrisonicola",70,109.6
"81",120.98,23.83,2417368586,79,86,107,137,165,185,194,191,179,155,126,92,"Veronica morrisonicola",70,109.6
"82",120.98,23.83,2417370788,79,86,107,137,165,185,194,191,179,155,126,92,"Veronica morrisonicola",70,109.6
"83",120.98,23.83,2417373290,79,86,107,137,165,185,194,191,179,155,126,92,"Veronica morrisonicola",70,109.6
"84",120.987632,23.83876,1303611880,82,90,111,142,169,190,199,196,184,159,130,95,"Veronica morrisonicola",70,114.7
"85",120.833333,23.933333,1821818291,115,124,148,180,208,229,240,236,224,198,167,130,"Veronica morrisonicola",70,159.9
"86",121.253056,23.991667,891658439,25,31,47,73,102,124,132,129,117,93,67,37,"Veronica morrisonicola",70,43.7
"87",121.253056,23.991667,891649344,25,31,47,73,102,124,132,129,117,93,67,37,"Veronica morrisonicola",70,43.7
"88",121.045556,23.997222,891658179,123,132,157,191,219,241,252,248,235,208,176,138,"Veronica morrisonicola",70,172
"89",121.261944,23.998056,891618039,15,20,35,61,90,111,120,117,104,81,56,27,"Veronica morrisonicola",70,34
"90",121.261944,23.998056,891658231,15,20,35,61,90,111,120,117,104,81,56,27,"Veronica morrisonicola",70,34
"91",121.261944,23.998056,891658262,15,20,35,61,90,111,120,117,104,81,56,27,"Veronica morrisonicola",70,34
"92",121.263333,23.998611,891649370,15,20,35,61,90,111,120,117,104,81,56,27,"Veronica morrisonicola",70,34
"93",121.263333,23.998611,891658241,15,20,35,61,90,111,120,117,104,81,56,27,"Veronica morrisonicola",70,34
"94",121.114444,24.014444,891658543,109,117,141,174,202,225,235,231,218,191,160,123,"Veronica morrisonicola",70,152.6
"95",121.285833,24.019167,891658238,49,56,74,102,130,153,162,159,145,121,94,62,"Veronica morrisonicola",70,70.8
"96",121.285833,24.019167,891658239,49,56,74,102,130,153,162,159,145,121,94,62,"Veronica morrisonicola",70,70.8
"97",121.285833,24.019167,891658266,49,56,74,102,130,153,162,159,145,121,94,62,"Veronica morrisonicola",70,70.8
"98",121.273056,24.02,891658268,42,47,65,93,121,143,152,149,136,112,85,54,"Veronica morrisonicola",70,61
"99",121.291667,24.025,891617682,41,47,65,92,121,143,152,149,136,112,85,54,"Veronica morrisonicola",70,60.9
"100",121.3,24.03,1086030429,44,50,67,95,124,146,155,152,139,115,87,56,"Veronica morrisonicola",70,63.6
"101",121.194722,24.036944,891613735,86,94,115,146,175,198,208,204,190,164,135,100,"Veronica morrisonicola",70,121.5
"102",121.251944,24.039444,891638199,50,56,74,103,132,154,163,160,147,122,94,63,"Veronica morrisonicola",70,71.8
"103",121.251944,24.039444,891615461,50,56,74,103,132,154,163,160,147,122,94,63,"Veronica morrisonicola",70,71.8
"104",121.278333,24.042222,891658242,22,27,43,69,98,120,129,126,113,90,63,34,"Veronica morrisonicola",70,40.8
"105",121.280464,24.042511,1890671920,22,27,43,69,98,120,129,126,113,90,63,34,"Veronica morrisonicola",70,40.8
"106",121.27,24.05,1086016370,14,19,34,60,89,111,119,117,104,81,55,26,"Veronica morrisonicola",70,33.6
"107",121.27,24.05,1086033380,14,19,34,60,89,111,119,117,104,81,55,26,"Veronica morrisonicola",70,33.6
"108",121.2775,24.055833,891658176,8,12,27,53,82,103,112,109,96,73,48,20,"Veronica morrisonicola",70,27.8
"109",121.2775,24.055833,891658255,8,12,27,53,82,103,112,109,96,73,48,20,"Veronica morrisonicola",70,27.8
"110",121.2775,24.055833,891658265,8,12,27,53,82,103,112,109,96,73,48,20,"Veronica morrisonicola",70,27.8
"111",121.2775,24.055833,891658270,8,12,27,53,82,103,112,109,96,73,48,20,"Veronica morrisonicola",70,27.8
"112",121.2775,24.055833,891658368,8,12,27,53,82,103,112,109,96,73,48,20,"Veronica morrisonicola",70,27.8
"113",121.2775,24.055833,891658244,8,12,27,53,82,103,112,109,96,73,48,20,"Veronica morrisonicola",70,27.8
"114",121.2775,24.055833,891658253,8,12,27,53,82,103,112,109,96,73,48,20,"Veronica morrisonicola",70,27.8
"115",121.24,24.06,1086004816,41,46,64,92,121,143,152,149,136,112,84,53,"Veronica morrisonicola",70,60.6
"116",121.304167,24.068611,891658259,11,15,30,56,85,107,116,113,100,77,51,23,"Veronica morrisonicola",70,30.5
"117",121.263333,24.107778,1821814816,49,55,73,102,131,154,164,160,147,122,94,62,"Veronica morrisonicola",70,71.4
"118",121.263333,24.107778,1821814908,49,55,73,102,131,154,164,160,147,122,94,62,"Veronica morrisonicola",70,71.4
"119",121.263333,24.107778,1821815105,49,55,73,102,131,154,164,160,147,122,94,62,"Veronica morrisonicola",70,71.4
"120",121.32,24.11,1085975893,16,21,36,62,92,114,123,120,107,83,57,28,"Veronica morrisonicola",70,35.8
"121",121.32,24.11,1086012877,16,21,36,62,92,114,123,120,107,83,57,28,"Veronica morrisonicola",70,35.8
"122",121.35,24.11,1085992642,5,9,23,49,78,100,108,106,93,70,44,17,"Veronica morrisonicola",70,25.5
"123",121.182222,24.1,1821815384,64,71,90,121,150,172,182,179,165,140,111,78,"Veronica morrisonicola",70,92.3
"124",121.32,24.1,1085976981,13,18,33,59,88,110,119,116,103,80,54,25,"Veronica morrisonicola",70,32.9
"125",121.33,24.12,1085978417,10,14,29,55,84,106,115,112,99,76,50,22,"Veronica morrisonicola",70,29.7
"126",121.2525,24.121667,1821958786,27,32,48,76,105,128,137,134,120,96,70,39,"Veronica morrisonicola",70,46.6
"127",121.266667,24.133333,1821783564,5,9,24,50,79,101,110,107,94,71,45,17,"Veronica morrisonicola",70,26.2
"128",121.283333,24.133333,1821886607,9,13,28,54,83,106,114,112,99,75,49,21,"Veronica morrisonicola",70,29.3
"129",121.271695,24.133458,2283134990,5,9,24,50,79,101,110,107,94,71,45,17,"Veronica morrisonicola",70,26.2
"130",121.261944,24.134167,891597482,23,28,44,72,101,123,133,130,116,92,66,36,"Veronica morrisonicola",70,43.3
"131",121.261944,24.134167,891587527,23,28,44,72,101,123,133,130,116,92,66,36,"Veronica morrisonicola",70,43.3
"132",121.261944,24.134167,891629802,23,28,44,72,101,123,133,130,116,92,66,36,"Veronica morrisonicola",70,43.3
"133",121.261944,24.134167,891629818,23,28,44,72,101,123,133,130,116,92,66,36,"Veronica morrisonicola",70,43.3
"134",121.261944,24.134167,891629855,23,28,44,72,101,123,133,130,116,92,66,36,"Veronica morrisonicola",70,43.3
"135",121.261944,24.134167,891654715,23,28,44,72,101,123,133,130,116,92,66,36,"Veronica morrisonicola",70,43.3
"136",121.261944,24.134167,891658261,23,28,44,72,101,123,133,130,116,92,66,36,"Veronica morrisonicola",70,43.3
"137",121.262222,24.134167,1821822150,23,28,44,72,101,123,133,130,116,92,66,36,"Veronica morrisonicola",70,43.3
"138",121.262222,24.134167,1821826840,23,28,44,72,101,123,133,130,116,92,66,36,"Veronica morrisonicola",70,43.3
"139",121.271614,24.134581,2331928819,5,9,24,50,79,101,110,107,94,71,45,17,"Veronica morrisonicola",70,26.2
"140",121.280833,24.135556,1306594521,3,7,22,48,77,99,108,105,92,69,43,15,"Veronica morrisonicola",70,25
"141",121.280833,24.136111,1821814761,3,7,22,48,77,99,108,105,92,69,43,15,"Veronica morrisonicola",70,25
"142",121.271704,24.136131,2283134748,5,9,24,50,79,101,110,107,94,71,45,17,"Veronica morrisonicola",70,26.2
"143",121.278145,24.136377,2366029089,3,7,22,48,77,99,108,105,92,69,43,15,"Veronica morrisonicola",70,25
"144",121.266667,24.1375,891621692,5,9,24,50,79,101,110,107,94,71,45,17,"Veronica morrisonicola",70,26.2
"145",121.268056,24.138889,1821776915,5,9,24,50,79,101,110,107,94,71,45,17,"Veronica morrisonicola",70,26.2
"146",121.286111,24.138889,1821815417,9,13,28,54,83,106,114,112,99,75,49,21,"Veronica morrisonicola",70,29.3
"147",121.272218,24.139451,1949979722,5,9,24,50,79,101,110,107,94,71,45,17,"Veronica morrisonicola",70,26.2
"148",121.262222,24.139722,1821780731,23,28,44,72,101,123,133,130,116,92,66,36,"Veronica morrisonicola",70,43.3
"149",121.271592,24.140022,2012980211,5,9,24,50,79,101,110,107,94,71,45,17,"Veronica morrisonicola",70,26.2
"150",121.28,24.14,1086004591,3,7,22,48,77,99,108,105,92,69,43,15,"Veronica morrisonicola",70,25
"151",121.285805,24.141567,2580221315,12,16,31,58,87,110,118,116,103,79,53,24,"Veronica morrisonicola",70,32.4
"152",121.283372,24.141973,1899800863,12,16,31,58,87,110,118,116,103,79,53,24,"Veronica morrisonicola",70,32.4
"153",121.283372,24.141973,1901049335,12,16,31,58,87,110,118,116,103,79,53,24,"Veronica morrisonicola",70,32.4
"154",121.283372,24.141973,1901049468,12,16,31,58,87,110,118,116,103,79,53,24,"Veronica morrisonicola",70,32.4
"155",121.283667,24.14596,1901049474,12,16,31,58,87,110,118,116,103,79,53,24,"Veronica morrisonicola",70,32.4
"156",120.64,24.15,2417383589,152,160,186,222,251,273,286,283,270,243,210,169,"Veronica morrisonicola",70,210.5
"157",120.64,24.15,2417384970,152,160,186,222,251,273,286,283,270,243,210,169,"Veronica morrisonicola",70,210.5
"158",121.266667,24.15,891597775,16,20,36,63,92,115,124,121,108,84,58,28,"Veronica morrisonicola",70,36.5
"159",121.27,24.15,1086040170,16,20,36,63,92,115,124,121,108,84,58,28,"Veronica morrisonicola",70,36.5
"160",121.28,24.15,1086004947,8,12,27,53,83,105,114,111,98,75,49,20,"Veronica morrisonicola",70,28.9
"161",121.283333,24.15,1821774653,12,16,31,58,87,110,118,116,102,79,53,24,"Veronica morrisonicola",70,32.3
"162",121.275,24.151389,1821879603,8,12,27,53,83,105,114,111,98,75,49,20,"Veronica morrisonicola",70,28.9
"163",121.283333,24.153611,574746771,12,16,31,58,87,110,118,116,102,79,53,24,"Veronica morrisonicola",70,32.3
"164",121.283333,24.153611,575080853,12,16,31,58,87,110,118,116,102,79,53,24,"Veronica morrisonicola",70,32.3
"165",121.286836,24.161149,1883910135,16,20,36,62,92,114,123,121,107,83,57,28,"Veronica morrisonicola",70,35.9
"166",121.286837,24.161156,1883464838,16,20,36,62,92,114,123,121,107,83,57,28,"Veronica morrisonicola",70,35.9
"167",121.28,24.16,1085993946,12,17,32,58,88,110,119,116,103,79,53,24,"Veronica morrisonicola",70,32.6
"168",121.284722,24.161667,891597247,16,20,36,62,92,114,123,121,107,83,57,28,"Veronica morrisonicola",70,35.9
"169",121.285278,24.161667,891630191,16,20,36,62,92,114,123,121,107,83,57,28,"Veronica morrisonicola",70,35.9
"170",121.28757,24.162649,1890666864,16,20,36,62,92,114,123,121,107,83,57,28,"Veronica morrisonicola",70,35.9
"171",121.288407,24.164817,2423115979,16,20,36,62,92,114,123,121,107,83,57,28,"Veronica morrisonicola",70,35.9
"172",121.290556,24.166667,891622664,10,14,29,56,85,108,117,114,101,77,51,22,"Veronica morrisonicola",70,30.9
"173",121.3,24.166667,1821822054,32,37,53,81,110,133,143,140,126,102,75,44,"Veronica morrisonicola",70,51.3
"174",121.300556,24.175278,891628752,30,35,51,79,108,131,141,138,124,100,73,42,"Veronica morrisonicola",70,49.5
"175",121.300556,24.175278,891632141,30,35,51,79,108,131,141,138,124,100,73,42,"Veronica morrisonicola",70,49.5
"176",121.300556,24.175278,891632210,30,35,51,79,108,131,141,138,124,100,73,42,"Veronica morrisonicola",70,49.5
"177",121.300556,24.175278,891658516,30,35,51,79,108,131,141,138,124,100,73,42,"Veronica morrisonicola",70,49.5
"178",121.300556,24.175278,1821822198,30,35,51,79,108,131,141,138,124,100,73,42,"Veronica morrisonicola",70,49.5
"179",121.300556,24.175278,1821822257,30,35,51,79,108,131,141,138,124,100,73,42,"Veronica morrisonicola",70,49.5
"180",121.283333,24.179167,1821839589,1,5,19,45,75,97,106,103,90,67,41,13,"Veronica morrisonicola",70,23.8
"181",121.310876,24.185702,2603368180,32,37,54,81,111,134,143,140,127,102,75,45,"Veronica morrisonicola",70,51.7
"182",121.311344,24.186737,2603366142,32,37,54,81,111,134,143,140,127,102,75,45,"Veronica morrisonicola",70,51.7
"183",121.3,24.216667,1821815853,39,45,62,90,120,144,153,150,136,111,84,53,"Veronica morrisonicola",70,60.3
"184",121.3,24.216667,1821816043,39,45,62,90,120,144,153,150,136,111,84,53,"Veronica morrisonicola",70,60.3
"185",121.3,24.216667,1821816214,39,45,62,90,120,144,153,150,136,111,84,53,"Veronica morrisonicola",70,60.3
"186",121.299722,24.218889,891620229,37,42,59,88,117,141,150,147,133,108,81,50,"Veronica morrisonicola",70,57.4
"187",121.733333,24.266667,1821814756,153,161,185,218,247,272,285,280,264,236,205,168,"Veronica morrisonicola",70,207.4
"188",121.733333,24.266667,1821815153,153,161,185,218,247,272,285,280,264,236,205,168,"Veronica morrisonicola",70,207.4
"189",121.011667,24.278889,891612774,54,59,78,108,139,162,172,170,156,130,101,68,"Veronica morrisonicola",70,79.7
"190",121.027778,24.293333,891658464,33,37,54,83,113,136,146,144,130,106,78,46,"Veronica morrisonicola",70,54
"191",121.412778,24.304444,891658237,11,14,29,55,85,108,118,115,101,77,51,23,"Veronica morrisonicola",70,31
"192",121.201165,24.33853,1086108976,-1,3,17,43,73,97,106,104,90,66,40,12,"Veronica morrisonicola",70,23.6
"193",121.434651,24.344181,1086108914,-1,2,15,41,70,94,103,101,87,63,38,11,"Veronica morrisonicola",70,21.8
"194",121.436208,24.346975,1086108936,-1,2,15,41,70,94,103,101,87,63,38,11,"Veronica morrisonicola",70,21.8
"195",121.240833,24.3475,891658223,53,58,77,107,137,161,172,169,155,128,100,67,"Veronica morrisonicola",70,78.4
"196",121.240833,24.3475,891658227,53,58,77,107,137,161,172,169,155,128,100,67,"Veronica morrisonicola",70,78.4
"197",121.240833,24.3475,891658229,53,58,77,107,137,161,172,169,155,128,100,67,"Veronica morrisonicola",70,78.4
"198",121.240833,24.3475,891658235,53,58,77,107,137,161,172,169,155,128,100,67,"Veronica morrisonicola",70,78.4
"199",121.241111,24.348056,891658210,53,58,77,107,137,161,172,169,155,128,100,67,"Veronica morrisonicola",70,78.4
"200",121.305556,24.348611,891609279,69,74,94,125,155,180,191,188,173,146,117,83,"Veronica morrisonicola",70,99.5
"201",121.441666,24.357975,1086108928,-4,-1,11,37,67,90,99,97,83,60,35,8,"Veronica morrisonicola",70,19.6
"202",121.462827,24.358002,1086108882,-1,2,15,41,71,94,103,101,87,64,38,11,"Veronica morrisonicola",70,22
"203",121.439292,24.358343,1086108886,-11,-9,4,29,58,82,91,89,75,52,27,1,"Veronica morrisonicola",70,14.7
"204",121.447732,24.359131,1086108908,-12,-10,3,27,57,80,89,87,74,51,26,-1,"Veronica morrisonicola",70,13.8
"205",121.442232,24.359147,1086108881,-12,-10,3,27,57,80,89,87,74,51,26,-1,"Veronica morrisonicola",70,13.8
"206",121.439769,24.359335,1086108979,-11,-9,4,29,58,82,91,89,75,52,27,1,"Veronica morrisonicola",70,14.7
"207",121.458319,24.35946,1086108934,4,7,21,47,77,100,110,107,93,70,44,16,"Veronica morrisonicola",70,25.7
"208",121.443337,24.359505,1086108849,-12,-10,3,27,57,80,89,87,74,51,26,-1,"Veronica morrisonicola",70,13.8
"209",121.442642,24.359787,2445022595,-12,-10,3,27,57,80,89,87,74,51,26,-1,"Veronica morrisonicola",70,13.8
"210",121.44461,24.359862,1086108902,-12,-10,3,27,57,80,89,87,74,51,26,-1,"Veronica morrisonicola",70,13.8
"211",121.441359,24.360414,1086108921,-11,-9,4,29,58,82,91,89,75,52,27,1,"Veronica morrisonicola",70,14.7
"212",121.455978,24.360912,1086108903,-10,-7,6,31,61,84,93,91,77,54,29,2,"Veronica morrisonicola",70,16
"213",121.439538,24.360961,1086108926,-11,-9,4,29,58,82,91,89,75,52,27,1,"Veronica morrisonicola",70,14.7
"214",121.1,24.36,1086003956,30,34,51,79,110,134,144,141,127,102,75,43,"Veronica morrisonicola",70,51.3
"215",121.43,24.36,1085990400,5,9,23,49,79,102,112,109,95,71,46,18,"Veronica morrisonicola",70,26.8
"216",121.438791,24.361505,1086108942,-11,-9,4,29,58,82,91,89,75,52,27,1,"Veronica morrisonicola",70,14.7
"217",121.443333,24.361667,891632524,-12,-10,3,27,57,80,89,87,74,51,26,-1,"Veronica morrisonicola",70,13.8
"218",121.443333,24.361667,891632987,-12,-10,3,27,57,80,89,87,74,51,26,-1,"Veronica morrisonicola",70,13.8
"219",121.443333,24.361667,891654686,-12,-10,3,27,57,80,89,87,74,51,26,-1,"Veronica morrisonicola",70,13.8
"220",121.443333,24.361667,891654689,-12,-10,3,27,57,80,89,87,74,51,26,-1,"Veronica morrisonicola",70,13.8
"221",121.443333,24.361667,891615229,-12,-10,3,27,57,80,89,87,74,51,26,-1,"Veronica morrisonicola",70,13.8
"222",121.443333,24.361667,891658240,-12,-10,3,27,57,80,89,87,74,51,26,-1,"Veronica morrisonicola",70,13.8
"223",121.443333,24.361667,891658319,-12,-10,3,27,57,80,89,87,74,51,26,-1,"Veronica morrisonicola",70,13.8
"224",121.440263,24.362674,1086108911,-11,-9,4,29,58,82,91,89,75,52,27,1,"Veronica morrisonicola",70,14.7
"225",121.2975,24.364722,891602611,59,64,83,114,144,168,180,176,161,135,106,73,"Veronica morrisonicola",70,86.3
"226",121.2975,24.364722,891628539,59,64,83,114,144,168,180,176,161,135,106,73,"Veronica morrisonicola",70,86.3
"227",121.442569,24.365376,1086108874,-12,-10,3,27,57,80,89,87,74,51,26,-1,"Veronica morrisonicola",70,13.8
"228",121.449657,24.365536,1086108967,-12,-10,3,27,57,80,89,87,74,51,26,-1,"Veronica morrisonicola",70,13.8
"229",121.436944,24.365556,891658249,-11,-9,4,29,58,82,91,89,75,52,27,1,"Veronica morrisonicola",70,14.7
"230",121.446613,24.366177,1086108826,-12,-10,3,27,57,80,89,87,74,51,26,-1,"Veronica morrisonicola",70,13.8
"231",121.441815,24.366733,1086108925,-10,-7,5,30,60,84,93,90,77,54,29,2,"Veronica morrisonicola",70,15.8
"232",121.449031,24.367072,1086108901,-10,-7,5,30,60,84,93,90,77,54,29,2,"Veronica morrisonicola",70,15.8
"233",121.443522,24.367269,1086108883,-10,-7,5,30,60,84,93,90,77,54,29,2,"Veronica morrisonicola",70,15.8
"234",121.448285,24.367978,1086108895,-10,-7,5,30,60,84,93,90,77,54,29,2,"Veronica morrisonicola",70,15.8
"235",121.439209,24.368546,1086108940,-2,1,14,40,70,93,102,100,86,63,37,10,"Veronica morrisonicola",70,21.4
"236",121.443203,24.369273,2447932069,-10,-7,5,30,60,84,93,90,77,54,29,2,"Veronica morrisonicola",70,15.8
"237",121.443372,24.369527,1086108862,-10,-7,5,30,60,84,93,90,77,54,29,2,"Veronica morrisonicola",70,15.8
"238",121.444409,24.370066,1086108876,-10,-7,5,30,60,84,93,90,77,54,29,2,"Veronica morrisonicola",70,15.8
"239",121.440571,24.371702,1086108865,-2,1,14,40,70,93,102,100,86,63,37,10,"Veronica morrisonicola",70,21.4
"240",121.44366,24.372957,1086108927,-10,-7,5,30,60,84,93,90,77,54,29,2,"Veronica morrisonicola",70,15.8
"241",121.441484,24.373686,1086108924,-2,1,14,40,70,93,102,100,86,63,37,10,"Veronica morrisonicola",70,21.4
"242",121.445566,24.373764,1086108923,-10,-7,5,30,60,84,93,90,77,54,29,2,"Veronica morrisonicola",70,15.8
"243",121.440857,24.374681,1086108922,-2,1,14,40,70,93,102,100,86,63,37,10,"Veronica morrisonicola",70,21.4
"244",121.421389,24.375833,891607736,10,13,27,54,84,108,117,115,101,77,51,22,"Veronica morrisonicola",70,30.7
"245",121.217778,24.376389,891602802,-2,1,15,42,72,96,105,103,89,65,39,11,"Veronica morrisonicola",70,23
"246",121.440074,24.376399,1086108890,-6,-3,10,35,65,88,98,95,81,58,33,6,"Veronica morrisonicola",70,18.5
"247",121.439713,24.378363,1898786500,-6,-3,10,35,65,88,98,95,81,58,33,6,"Veronica morrisonicola",70,18.5
"248",121.224444,24.378611,891621349,-2,1,15,42,72,96,105,103,89,65,39,11,"Veronica morrisonicola",70,23
"249",121.224444,24.378611,891649321,-2,1,15,42,72,96,105,103,89,65,39,11,"Veronica morrisonicola",70,23
"250",121.413333,24.378611,891632128,16,20,35,62,92,116,126,123,109,84,58,29,"Veronica morrisonicola",70,37
"251",121.413333,24.378611,891632135,16,20,35,62,92,116,126,123,109,84,58,29,"Veronica morrisonicola",70,37
"252",121.413333,24.378611,891632192,16,20,35,62,92,116,126,123,109,84,58,29,"Veronica morrisonicola",70,37
"253",121.413333,24.378611,891632217,16,20,35,62,92,116,126,123,109,84,58,29,"Veronica morrisonicola",70,37
"254",121.216944,24.379167,891595299,-2,1,15,42,72,96,105,103,89,65,39,11,"Veronica morrisonicola",70,23
"255",121.216944,24.379167,891617739,-2,1,15,42,72,96,105,103,89,65,39,11,"Veronica morrisonicola",70,23
"256",121.217222,24.379167,1821872675,-2,1,15,42,72,96,105,103,89,65,39,11,"Veronica morrisonicola",70,23
"257",121.217222,24.379167,1821872787,-2,1,15,42,72,96,105,103,89,65,39,11,"Veronica morrisonicola",70,23
"258",121.217222,24.379167,1821925762,-2,1,15,42,72,96,105,103,89,65,39,11,"Veronica morrisonicola",70,23
"259",121.399444,24.379167,1821863287,35,40,56,85,115,139,150,146,132,107,79,49,"Veronica morrisonicola",70,55.9
"260",121.411389,24.379167,891632984,16,20,35,62,92,116,126,123,109,84,58,29,"Veronica morrisonicola",70,37
"261",121.411389,24.379167,891616826,16,20,35,62,92,116,126,123,109,84,58,29,"Veronica morrisonicola",70,37
"262",121.411389,24.379167,891658260,16,20,35,62,92,116,126,123,109,84,58,29,"Veronica morrisonicola",70,37
"263",121.420626,24.379524,1086108909,10,13,27,54,84,108,117,115,101,77,51,22,"Veronica morrisonicola",70,30.7
"264",121.214696,24.379594,1086108930,-9,-6,7,33,63,87,96,94,81,57,31,4,"Veronica morrisonicola",70,17.8
"265",121.438381,24.379835,1086108885,-6,-3,10,35,65,88,98,95,81,58,33,6,"Veronica morrisonicola",70,18.5
"266",121.268889,24.380278,891602869,36,40,57,86,116,140,151,148,133,108,80,49,"Veronica morrisonicola",70,56.9
"267",121.268889,24.380278,891628486,36,40,57,86,116,140,151,148,133,108,80,49,"Veronica morrisonicola",70,56.9
"268",121.438442,24.380528,1899762532,-6,-3,10,35,65,88,98,95,81,58,33,6,"Veronica morrisonicola",70,18.5
"269",121.414444,24.381111,891658258,16,20,35,62,92,116,126,123,109,84,58,29,"Veronica morrisonicola",70,37
"270",121.22,24.38,1085984385,-2,1,15,42,72,96,105,103,89,65,39,11,"Veronica morrisonicola",70,23
"271",121.22,24.38,1085986462,-2,1,15,42,72,96,105,103,89,65,39,11,"Veronica morrisonicola",70,23
"272",121.22,24.38,1085987504,-2,1,15,42,72,96,105,103,89,65,39,11,"Veronica morrisonicola",70,23
"273",121.23,24.38,1086014448,-8,-5,9,35,65,88,98,96,82,58,33,5,"Veronica morrisonicola",70,18.7
"274",121.39,24.38,1086005852,45,50,67,96,126,151,161,158,143,118,90,58,"Veronica morrisonicola",70,66.8
"275",121.4,24.38,1085971092,27,31,47,74,105,129,139,136,122,97,70,40,"Veronica morrisonicola",70,47.2
"276",121.421349,24.381456,1898787624,10,13,27,54,84,108,117,115,101,77,51,22,"Veronica morrisonicola",70,30.7
"277",121.435455,24.382576,1890673500,-6,-3,10,35,65,88,98,95,81,58,33,6,"Veronica morrisonicola",70,18.5
"278",121.438984,24.383264,1086108910,-3,0,13,39,69,92,102,99,86,62,37,9,"Veronica morrisonicola",70,21
"279",121.23,24.383333,2350340106,-22,-19,-7,18,48,71,80,78,65,42,17,-9,"Veronica morrisonicola",70,9.4
"280",121.433333,24.383333,1821882782,-3,0,13,39,69,92,102,99,86,62,37,9,"Veronica morrisonicola",70,21
"281",121.222622,24.385452,1086108870,-10,-7,6,32,62,86,95,93,79,56,30,2,"Veronica morrisonicola",70,17.1
"282",121.218542,24.386144,1086108920,-10,-7,6,32,62,86,95,93,79,56,30,2,"Veronica morrisonicola",70,17.1
"283",121.223247,24.387861,1086108944,-10,-7,6,32,62,86,95,93,79,56,30,2,"Veronica morrisonicola",70,17.1
"284",121.2625,24.388056,891658247,12,15,30,57,87,111,121,119,105,80,54,24,"Veronica morrisonicola",70,33.4
"285",121.223781,24.388619,1086108896,-10,-7,6,32,62,86,95,93,79,56,30,2,"Veronica morrisonicola",70,17.1
"286",121.272031,24.38875,2350338547,10,13,28,55,86,110,119,117,103,79,52,23,"Veronica morrisonicola",70,32.1
"287",121.242947,24.388933,2283100809,-10,-8,5,31,62,85,94,92,79,55,30,2,"Veronica morrisonicola",70,16.7
"288",121.223861,24.389152,1086108935,-10,-7,6,32,62,86,95,93,79,56,30,2,"Veronica morrisonicola",70,17.1
"289",121.223319,24.389613,1086108954,-10,-7,6,32,62,86,95,93,79,56,30,2,"Veronica morrisonicola",70,17.1
"290",121.223409,24.389884,1086108919,-10,-7,6,32,62,86,95,93,79,56,30,2,"Veronica morrisonicola",70,17.1
"291",121.210386,24.390607,1086108977,-4,-2,12,38,69,92,102,100,86,62,36,8,"Veronica morrisonicola",70,21.1
"292",121.221498,24.390826,1086108904,-10,-7,6,32,62,86,95,93,79,56,30,2,"Veronica morrisonicola",70,17.1
"293",121.221912,24.390906,1086108897,-10,-7,6,32,62,86,95,93,79,56,30,2,"Veronica morrisonicola",70,17.1
"294",121.24,24.39,1086045117,-19,-17,-5,21,51,74,83,81,68,45,20,-7,"Veronica morrisonicola",70,10.7
"295",121.43,24.39,1085988672,3,6,20,46,76,100,109,106,93,69,43,15,"Veronica morrisonicola",70,25.3
"296",121.210072,24.391501,1086108937,-4,-2,12,38,69,92,102,100,86,62,36,8,"Veronica morrisonicola",70,21.1
"297",121.221272,24.391521,1086108891,-10,-7,6,32,62,86,95,93,79,56,30,2,"Veronica morrisonicola",70,17.1
"298",121.221214,24.391982,1086108892,6,10,24,51,82,105,115,113,99,75,48,19,"Veronica morrisonicola",70,29
"299",121.225089,24.39222,1086108949,-13,-11,2,28,58,82,91,89,76,52,27,-1,"Veronica morrisonicola",70,14.8
"300",121.214916,24.39302,1086108915,8,12,26,54,84,108,118,115,102,77,51,21,"Veronica morrisonicola",70,30.9
"301",121.226215,24.393437,1086108857,-13,-11,2,28,58,82,91,89,76,52,27,-1,"Veronica morrisonicola",70,14.8
"302",121.226436,24.39582,1086108941,-13,-11,2,28,58,82,91,89,76,52,27,-1,"Veronica morrisonicola",70,14.8
"303",121.249444,24.396667,891602955,-2,0,14,41,71,95,104,102,88,64,38,10,"Veronica morrisonicola",70,22.4
"304",121.22633,24.397238,1086108948,-13,-11,2,28,58,82,91,89,76,52,27,-1,"Veronica morrisonicola",70,14.8
"305",121.231966,24.406114,1086108905,2,5,19,46,76,100,110,107,94,69,43,15,"Veronica morrisonicola",70,25.6
"306",121.443611,24.411944,1821826730,30,34,50,78,108,132,143,140,125,100,73,43,"Veronica morrisonicola",70,49.9
"307",121.26,24.4,1086035082,13,16,31,58,89,113,123,120,106,82,55,26,"Veronica morrisonicola",70,34.6
"308",121.433333,24.4,1821776825,18,22,37,64,94,118,128,125,111,86,60,31,"Veronica morrisonicola",70,38.6
"309",121.28,24.426389,891609308,3,6,20,47,78,102,111,109,95,71,45,16,"Veronica morrisonicola",70,26.6
"310",121.269203,24.427517,2331911708,-5,-2,12,38,68,92,102,99,86,62,36,8,"Veronica morrisonicola",70,20.9
"311",121.26699,24.428128,1883468403,-5,-2,12,38,68,92,102,99,86,62,36,8,"Veronica morrisonicola",70,20.9
"312",121.37,24.44,1086008011,78,84,104,136,167,192,204,200,185,157,128,93,"Veronica morrisonicola",70,112.8
"313",121.353333,24.441667,1821846767,65,70,89,120,151,176,188,184,169,142,113,80,"Veronica morrisonicola",70,94.7
"314",121.251389,24.450556,891616419,0,2,16,43,73,97,107,105,91,67,41,12,"Veronica morrisonicola",70,24
"315",121.251389,24.450556,891616901,0,2,16,43,73,97,107,105,91,67,41,12,"Veronica morrisonicola",70,24
"316",121.251389,24.450556,891658264,0,2,16,43,73,97,107,105,91,67,41,12,"Veronica morrisonicola",70,24
"317",121.25,24.45,1821872330,0,2,16,43,73,97,107,105,91,67,41,12,"Veronica morrisonicola",70,24
"318",121.245495,24.457685,1086108953,10,14,28,56,86,110,121,118,104,80,53,24,"Veronica morrisonicola",70,32.8
"319",121.204692,24.460535,1086108861,24,27,43,72,102,127,138,135,121,96,68,38,"Veronica morrisonicola",70,45.9
"320",121.206547,24.460686,1086108898,24,27,43,72,102,127,138,135,121,96,68,38,"Veronica morrisonicola",70,45.9
"321",121.223889,24.461389,891658233,9,12,26,54,84,109,119,116,103,78,51,22,"Veronica morrisonicola",70,31.4
"322",121.250833,24.463056,891629107,0,2,16,43,73,97,107,105,91,67,41,13,"Veronica morrisonicola",70,24
"323",121.250833,24.463056,891629475,0,2,16,43,73,97,107,105,91,67,41,13,"Veronica morrisonicola",70,24
"324",121.250833,24.463056,891631234,0,2,16,43,73,97,107,105,91,67,41,13,"Veronica morrisonicola",70,24
"325",121.250833,24.463056,891658232,0,2,16,43,73,97,107,105,91,67,41,13,"Veronica morrisonicola",70,24
"326",121.250833,24.463056,891658248,0,2,16,43,73,97,107,105,91,67,41,13,"Veronica morrisonicola",70,24
"327",121.250833,24.463056,891658252,0,2,16,43,73,97,107,105,91,67,41,13,"Veronica morrisonicola",70,24
"328",121.250833,24.463056,891658295,0,2,16,43,73,97,107,105,91,67,41,13,"Veronica morrisonicola",70,24
"329",121.212939,24.466591,1086108918,26,30,45,74,105,129,140,137,123,98,70,40,"Veronica morrisonicola",70,47.6
"330",121.24,24.47,1085977147,7,10,24,52,82,107,117,115,101,76,50,20,"Veronica morrisonicola",70,30
"331",121.25,24.47,1085988643,11,14,28,56,86,111,121,118,104,80,53,24,"Veronica morrisonicola",70,32.9
"332",121.2325,24.4725,891590012,12,15,29,57,88,112,122,120,106,81,55,25,"Veronica morrisonicola",70,34.1
"333",121.2325,24.4725,891658279,12,15,29,57,88,112,122,120,106,81,55,25,"Veronica morrisonicola",70,34.1
"334",121.248611,24.480556,1821926338,16,20,34,62,93,117,128,125,111,86,60,30,"Veronica morrisonicola",70,38.2
"335",121.25,24.48,1085976500,28,31,47,76,107,131,142,139,125,99,72,41,"Veronica morrisonicola",70,49.1
"336",121.11,24.499167,891629653,53,57,75,106,137,162,173,171,156,130,101,67,"Veronica morrisonicola",70,78.8
"337",121.11,24.499167,891629660,53,57,75,106,137,162,173,171,156,130,101,67,"Veronica morrisonicola",70,78.8
"338",121.11,24.499167,891629691,53,57,75,106,137,162,173,171,156,130,101,67,"Veronica morrisonicola",70,78.8
"339",121.11,24.499167,891629712,53,57,75,106,137,162,173,171,156,130,101,67,"Veronica morrisonicola",70,78.8
"340",121,24,236533966,104,112,136,169,197,219,229,226,213,186,156,119,"Veronica morrisonicola",70,146.6
"341",121,24,236533961,104,112,136,169,197,219,229,226,213,186,156,119,"Veronica morrisonicola",70,146.6
"342",121,24,236533963,104,112,136,169,197,219,229,226,213,186,156,119,"Veronica morrisonicola",70,146.6
"343",121,24,236533964,104,112,136,169,197,219,229,226,213,186,156,119,"Veronica morrisonicola",70,146.6
"344",121,24,236533957,104,112,136,169,197,219,229,226,213,186,156,119,"Veronica morrisonicola",70,146.6
"345",121,24,236533958,104,112,136,169,197,219,229,226,213,186,156,119,"Veronica morrisonicola",70,146.6
"346",121,24,236533959,104,112,136,169,197,219,229,226,213,186,156,119,"Veronica morrisonicola",70,146.6
"347",121,24,236533949,104,112,136,169,197,219,229,226,213,186,156,119,"Veronica morrisonicola",70,146.6
"348",121,24,236533930,104,112,136,169,197,219,229,226,213,186,156,119,"Veronica morrisonicola",70,146.6
"349",121,24,236533929,104,112,136,169,197,219,229,226,213,186,156,119,"Veronica morrisonicola",70,146.6
"350",121,24,236533923,104,112,136,169,197,219,229,226,213,186,156,119,"Veronica morrisonicola",70,146.6
"351",121,24,236533921,104,112,136,169,197,219,229,226,213,186,156,119,"Veronica morrisonicola",70,146.6
"352",121,24,236533914,104,112,136,169,197,219,229,226,213,186,156,119,"Veronica morrisonicola",70,146.6
"353",121,24,236533905,104,112,136,169,197,219,229,226,213,186,156,119,"Veronica morrisonicola",70,146.6
"354",121,24,236533911,104,112,136,169,197,219,229,226,213,186,156,119,"Veronica morrisonicola",70,146.6
"355",121,24,236533901,104,112,136,169,197,219,229,226,213,186,156,119,"Veronica morrisonicola",70,146.6
"356",121.483333,25.133333,1821872037,147,152,173,210,244,273,291,288,269,239,206,166,"Veronica morrisonicola",70,205.8
"357",121.483333,25.133333,1821872038,147,152,173,210,244,273,291,288,269,239,206,166,"Veronica morrisonicola",70,205.8
"358",121.483333,25.133333,1821872046,147,152,173,210,244,273,291,288,269,239,206,166,"Veronica morrisonicola",70,205.8
"359",121.483333,25.133333,1821872047,147,152,173,210,244,273,291,288,269,239,206,166,"Veronica morrisonicola",70,205.8
"360",121.483333,25.133333,1821872079,147,152,173,210,244,273,291,288,269,239,206,166,"Veronica morrisonicola",70,205.8
"361",121.483333,25.133333,1821872098,147,152,173,210,244,273,291,288,269,239,206,166,"Veronica morrisonicola",70,205.8
"362",121.483333,25.133333,1821872099,147,152,173,210,244,273,291,288,269,239,206,166,"Veronica morrisonicola",70,205.8
"363",121.483333,25.133333,1821872103,147,152,173,210,244,273,291,288,269,239,206,166,"Veronica morrisonicola",70,205.8
"364",121.483333,25.133333,1821872182,147,152,173,210,244,273,291,288,269,239,206,166,"Veronica morrisonicola",70,205.8
"365",121.483333,25.133333,1821872348,147,152,173,210,244,273,291,288,269,239,206,166,"Veronica morrisonicola",70,205.8
"366",121.483333,25.133333,1821872359,147,152,173,210,244,273,291,288,269,239,206,166,"Veronica morrisonicola",70,205.8
"367",110.050532,25.255089,1031001696,90,112,147,203,244,273,290,288,262,218,166,114,"Veronica morrisonicola",70,180.7
"368",-73.877952,40.864591,1931301653,-1,9,49,104,159,210,241,233,194,133,81,28,"Veronica morrisonicola",70,95.5
