id,observed_on_string,observed_on,time_observed_at,time_zone,user_id,user_login,created_at,updated_at,quality_grade,license,url,image_url,sound_url,tag_list,description,num_identification_agreements,num_identification_disagreements,captive_cultivated,oauth_application_id,place_guess,latitude,longitude,positional_accuracy,geoprivacy,taxon_geoprivacy,coordinates_obscured,positioning_method,positioning_device,species_guess,scientific_name,common_name,iconic_taxon_name,taxon_id,field:植物物候,field:植物開花物候
9831364,2018-02-12 11:02:55 上午 台北,2018-02-12,2018-02-12 11:02:55 UTC,UTC,721887,hungyi,2018-02-12 03:04:33 UTC,2020-05-28 07:09:25 UTC,research,,https://www.inaturalist.org/observations/9831364,https://static.inaturalist.org/photos/13462148/medium.jpeg?1518404681,,"",,2,0,false,2,"Unnamed Road, 北投區台北市台灣 112",25.16529734,121.55888777,7,,,false,,,Heloniopsis umbellata,Heloniopsis umbellata,台灣胡麻花,Plantae,636269,無,
10427280,2018-03-03 10:01:47 上午 台北,2018-03-03,2018-03-03 10:01:47 UTC,UTC,810407,janchang,2018-03-26 04:47:46 UTC,2020-05-28 07:09:19 UTC,research,CC-BY-NC,https://www.inaturalist.org/observations/10427280,https://static.inaturalist.org/photos/14487125/medium.jpeg?1522039670,,"",,1,0,false,2,"Unnamed Road, 北投區台北市台灣 112",25.1699575247,121.551322192,1376,,,false,gps,gps,Heloniopsis umbellata,Heloniopsis umbellata,台灣胡麻花,Plantae,636269,,
13230986,2018/06/08 8:09 AM CST,2018-06-08,2018-06-08 13:09:00 UTC,Central Time (US & Canada),721737,cynthiasu,2018-06-08 14:38:30 UTC,2020-05-28 07:12:38 UTC,research,CC-BY,https://www.inaturalist.org/observations/13230986,https://static.inaturalist.org/photos/19352583/medium.jpeg?1528467515,,"",,2,0,false,,336台灣桃園市復興區Unnamed Road,24.710668,121.4377528,202,,,false,,,台灣胡麻花,Heloniopsis umbellata,台灣胡麻花,Plantae,636269,,
14642112,2010/02/09 11:17 AM CST,2010-02-09,2010-02-09 17:17:00 UTC,Central Time (US & Canada),1058563,yalinglin,2018-07-23 14:58:31 UTC,2020-05-28 07:09:03 UTC,research,CC-BY-NC,https://www.inaturalist.org/observations/14642112,https://static.inaturalist.org/photos/21833749/medium.jpeg?1532352795,,10020809yilan,"",1,0,false,,台灣宜蘭縣,24.5772324322,121.412148407,,,,false,,,台灣胡麻花,Heloniopsis umbellata,台灣胡麻花,Plantae,636269,,
18875504,2018/04/03 3:46 PM CST,2018-04-03,2018-04-03 20:46:00 UTC,Central Time (US & Canada),687290,chiaoyunn,2018-12-07 07:49:05 UTC,2018-12-07 08:21:21 UTC,research,,https://www.inaturalist.org/observations/18875504,https://static.inaturalist.org/photos/28922126/medium.jpeg?1544168299,,"",,1,0,false,,267台灣宜蘭縣大同鄉,24.505106,121.525898,202,,,false,,,Heloniopsis umbellata,Heloniopsis umbellata,台灣胡麻花,Plantae,636269,,
19550538,Thu Jan 10 2019 13:15:04 GMT+0800 (GMT+8),2019-01-10,2019-01-10 05:15:04 UTC,Australia/Perth,58664,pelser,2019-01-10 12:02:30 UTC,2020-05-28 07:08:52 UTC,research,CC-BY-NC,https://www.inaturalist.org/observations/19550538,https://static.inaturalist.org/photos/30091282/medium.jpg?1547121780,,"",,1,0,false,3,"淡水河, Tamsui, Xinbei City, TW",25.1696302627,121.5558253993,128,,,false,,,台灣胡麻花,Heloniopsis umbellata,台灣胡麻花,Plantae,636269,,
19655032,2018/04/18 8:20 AM CST,2018-04-18,2018-04-18 13:20:00 UTC,Central Time (US & Canada),1105943,yangsheng,2019-01-15 12:09:32 UTC,2020-05-28 07:08:45 UTC,research,,https://www.inaturalist.org/observations/19655032,https://static.inaturalist.org/photos/30269667/medium.jpeg?1547553708,,"",GC,2,0,false,,"Taroko, Yilan, Taiwan, Taiwan",24.3782166667,121.3950083333,,,,false,,,台灣胡麻花,Heloniopsis umbellata,台灣胡麻花,Plantae,636269,,
19751042,2018/11/30 12:09 PM CST,2018-11-30,2018-11-30 18:09:00 UTC,Central Time (US & Canada),386262,kinmatsu,2019-01-20 07:14:10 UTC,2019-01-20 17:05:26 UTC,research,CC-BY-NC,https://www.inaturalist.org/observations/19751042,https://static.inaturalist.org/photos/30433271/medium.jpeg?1547968361,,"flower, plant, taiwan",,1,0,false,,267台灣宜蘭縣大同鄉,24.505106,121.525898,208,,,false,,,台灣胡麻花,Heloniopsis umbellata,台灣胡麻花,Plantae,636269,,
19945324,2019-01-29 12:07:39 下午 台北,2019-01-29,2019-01-29 20:07:39 UTC,Pacific Time (US & Canada),1021518,shuduan,2019-01-29 08:35:17 UTC,2020-05-28 07:08:29 UTC,research,CC-BY-NC,https://www.inaturalist.org/observations/19945324,https://static.inaturalist.org/photos/30773639/medium.jpeg?1548750921,,"",,1,0,false,2,"Unnamed Road, 北投區台北市台灣 112",25.16588609,121.55414963,22,,,false,,,台灣胡麻花,Heloniopsis umbellata,台灣胡麻花,Plantae,636269,,
19987206,2019-01-31 12:58:49 下午 台北,2019-01-31,2019-01-31 20:58:49 UTC,Pacific Time (US & Canada),1021518,shuduan,2019-01-31 13:28:49 UTC,2020-05-28 07:08:17 UTC,research,CC-BY-NC,https://www.inaturalist.org/observations/19987206,https://static.inaturalist.org/photos/30847327/medium.jpeg?1548941332,,"",,1,0,false,2,"Unnamed Road, 士林區台北市台灣 111",25.165058136,121.5835952759,,,,false,gps,gps,台灣胡麻花,Heloniopsis umbellata,台灣胡麻花,Plantae,636269,,
20023322,2019-02-02 11:55:00 上午 GMT+08:00,2019-02-02,2019-02-02 03:55:00 UTC,Taipei,1264977,vinsonyin,2019-02-02 03:57:22 UTC,2020-05-28 07:08:11 UTC,research,CC-BY-NC,https://www.inaturalist.org/observations/20023322,https://static.inaturalist.org/photos/30908456/medium.jpeg?1549079845,,"",,2,0,false,2,272台灣宜蘭縣南澳鄉太平巷94之3號,24.49594256,121.53566695,6,,,false,,,台灣胡麻花,Heloniopsis umbellata,台灣胡麻花,Plantae,636269,,
20048884,2019-02-01 12:47:04 下午 台北,2019-02-01,2019-02-01 04:47:04 UTC,Taipei,687272,lee58,2019-02-03 05:25:45 UTC,2020-05-28 07:08:07 UTC,research,,https://www.inaturalist.org/observations/20048884,https://static.inaturalist.org/photos/30954444/medium.jpg?1549171548,,"",,1,0,false,2,267台灣宜蘭縣大同鄉宜專1線太平山森林,24.5384704687,121.5114622191,132,,,false,gps,gps,台灣胡麻花,Heloniopsis umbellata,台灣胡麻花,Plantae,636269,,
20181652,2019-02-07 1:19:16 下午 台北,2019-02-07,2019-02-07 13:19:16 UTC,UTC,1345014,laihao,2019-02-07 13:36:50 UTC,2020-05-28 07:08:02 UTC,research,,https://www.inaturalist.org/observations/20181652,https://static.inaturalist.org/photos/31146399/medium.jpeg?1549546617,,"",,2,0,false,2,"Yangmingshan, TW-TP-TC, TW-TP, TW",25.165091157,121.5591609478,10,,,false,,,台灣胡麻花,Heloniopsis umbellata,台灣胡麻花,Plantae,636269,,
20278643,2019-02-11 2:02:57 下午 台北,2019-02-11,2019-02-11 14:02:57 UTC,UTC,1441895,naturalist6811,2019-02-11 12:34:34 UTC,2020-05-28 07:07:58 UTC,research,,https://www.inaturalist.org/observations/20278643,https://static.inaturalist.org/photos/31304169/medium.jpeg?1549888500,,"",,1,0,false,2,313台灣新竹縣尖石鄉1,24.6687392072,121.2817320228,1052,,,false,gps,gps,台灣胡麻花,Heloniopsis umbellata,台灣胡麻花,Plantae,636269,,
20301796,2019-02-08 10:08:04 上午 台北,2019-02-08,2019-02-08 18:08:04 UTC,Pacific Time (US & Canada),1021518,shuduan,2019-02-12 16:11:01 UTC,2019-03-02 00:29:08 UTC,research,CC-BY-NC,https://www.inaturalist.org/observations/20301796,https://static.inaturalist.org/photos/31344570/medium.jpeg?1549987871,,"",,1,0,false,2,"Yangmingshan, TW-NT, TW-NT-TP, TW",25.1797792,121.52219286,26,,,false,,,台灣胡麻花,Heloniopsis umbellata,台灣胡麻花,Plantae,636269,,
20379971,2019-02-16 2:09:03 下午 GMT+08:00,2019-02-16,2019-02-16 06:09:03 UTC,Taipei,748653,wang1420,2019-02-16 06:10:36 UTC,2019-02-16 09:32:26 UTC,research,CC-BY-NC,https://www.inaturalist.org/observations/20379971,https://static.inaturalist.org/photos/31473699/medium.jpeg?1550297455,,"",,2,0,false,2,"Unnamed Road, 三芝區新北市台灣 252",25.2447223663,121.5149993896,,,,false,gps,gps,台灣胡麻花,Heloniopsis umbellata,台灣胡麻花,Plantae,636269,,
20549412,Thu Feb 21 2019 12:03:27 GMT+0800 (GMT+8),2019-02-21,2019-02-21 04:03:27 UTC,Australia/Perth,790657,jhen,2019-02-22 06:55:11 UTC,2019-03-06 10:11:54 UTC,research,CC-BY-NC-SA,https://www.inaturalist.org/observations/20549412,https://static.inaturalist.org/photos/31723715/medium.jpg?1550818525,,"",,2,0,false,3,"台灣山毛櫸步道, 南澳鄉, 台灣, TW",24.50847,121.61225,50,,,false,,,台灣胡麻花,Heloniopsis umbellata,台灣胡麻花,Plantae,636269,,
20847995,Mon Feb 25 2019 10:53:49 GMT+0800 (GMT+8),2019-02-25,2019-02-25 02:53:49 UTC,Taipei,902249,flyliu,2019-03-01 09:25:04 UTC,2019-03-01 10:15:08 UTC,research,CC-BY-NC-ND,https://www.inaturalist.org/observations/20847995,https://static.inaturalist.org/photos/32162197/medium.jpg?1551432311,,"",,1,0,false,3,"Taiwan, TW",24.4908716023,121.1278181794,32,obscured,,true,,,Heloniopsis umbellata,Heloniopsis umbellata,台灣胡麻花,Plantae,636269,,
21081909,2015/02/28 10:10 AM CST,2015-02-28,2015-02-28 16:10:00 UTC,Central Time (US & Canada),1465242,pchi45,2019-03-09 16:13:52 UTC,2019-03-13 15:34:20 UTC,research,,https://www.inaturalist.org/observations/21081909,https://static.inaturalist.org/photos/32577297/medium.jpeg?1552147941,,"",,2,0,false,,尖石宇老-魯壁稜線,24.6658513992,121.2785361378,672,,,false,,,台灣胡麻花,Heloniopsis umbellata,台灣胡麻花,Plantae,636269,開花,
21308768,Sun Mar 17 2019 11:31:46 GMT+0800 (GMT+8),2019-03-17,2019-03-17 03:31:46 UTC,Australia/Perth,1440538,hsiang-ying,2019-03-17 03:32:22 UTC,2019-03-18 08:15:20 UTC,research,CC-BY-NC,https://www.inaturalist.org/observations/21308768,https://static.inaturalist.org/photos/32952018/medium.jpg?1552793554,,"",833 m,3,0,false,3,"11192, 台北市, 台北, TW",25.1688471297,121.5605088418,10,,,false,,,台灣胡麻花,Heloniopsis umbellata,台灣胡麻花,Plantae,636269,,
21319342,Sun Mar 17 2019 15:06:09 GMT+0800 (GMT+8),2019-03-17,2019-03-17 07:06:09 UTC,Australia/Perth,1440538,hsiang-ying,2019-03-17 15:17:57 UTC,2019-03-18 08:00:02 UTC,research,CC-BY-NC,https://www.inaturalist.org/observations/21319342,https://static.inaturalist.org/photos/32969741/medium.jpg?1552835902,,"","",2,0,false,3,"25°10'12"" N, 121°33'4"" E",25.17,121.551111,,,,false,,,台灣胡麻花,Heloniopsis umbellata,台灣胡麻花,Plantae,636269,,
21479712,Sat Feb 02 2019 11:11:24 GMT+0800 (GMT+8),2019-02-02,2019-02-02 03:11:24 UTC,Australia/Perth,1545320,hntgroup,2019-03-22 11:31:12 UTC,2020-05-28 07:05:16 UTC,research,CC-BY-NC,https://www.inaturalist.org/observations/21479712,https://static.inaturalist.org/photos/33237152/medium.jpg?1553254290,,"",,2,0,false,3,"252, 三芝區, 新北市, TW",25.1936116667,121.5379633333,5,,,false,,,台灣胡麻花,Heloniopsis umbellata,台灣胡麻花,Plantae,636269,,
21509203,2019-03-18 2:54:50 下午 GMT+08:00,2019-03-18,2019-03-18 06:54:50 UTC,Australia/Perth,1067753,aster_lin,2019-03-23 08:31:42 UTC,2020-05-28 07:05:05 UTC,research,CC-BY-NC,https://www.inaturalist.org/observations/21509203,https://static.inaturalist.org/photos/33285136/medium.jpeg?1553329917,,"",,1,0,false,2,424台灣台中市和平區思源菜園,24.3918151855,121.3526916504,,,,false,gps,gps,台灣胡麻花,Heloniopsis umbellata,台灣胡麻花,Plantae,636269,,
21543218,2019/03/15 11:06 AM HST,2019-03-15,2019-03-15 21:06:00 UTC,Hawaii,1128020,leaf1234,2019-03-24 03:41:46 UTC,2020-05-28 07:04:13 UTC,research,,https://www.inaturalist.org/observations/21543218,https://static.inaturalist.org/photos/33341211/medium.jpeg?1553398866,,"",,1,0,false,,台灣南投縣,23.6375333609,120.7889503369,187,,,false,,,Heloniopsis umbellata,Heloniopsis umbellata,台灣胡麻花,Plantae,636269,,
22801854,Sun Apr 21 2019 13:55:24 GMT+0800 (GMT+8),2019-04-21,2019-04-21 05:55:24 UTC,Australia/Perth,1634655,vanessa-lily,2019-04-21 05:55:32 UTC,2020-05-28 07:12:30 UTC,research,,https://www.inaturalist.org/observations/22801854,https://static.inaturalist.org/photos/35339543/medium.jpg?1555826137,,"",,2,0,false,3,"泰雅路七段, 大同鄉, , TW",24.3968285015,121.3558973653,10,,,false,,,台灣胡麻花,Heloniopsis umbellata,台灣胡麻花,Plantae,636269,,
22868326,2019-04-21 1:40:46 下午 台北,2019-04-21,2019-04-22 00:40:46 UTC,American Samoa,1572022,breeze-lin,2019-04-22 05:47:26 UTC,2019-04-23 06:02:51 UTC,research,CC-BY-NC,https://www.inaturalist.org/observations/22868326,https://static.inaturalist.org/photos/35447312/medium.jpeg?1555912117,,"",,1,0,false,2,台灣宜蘭縣大同鄉,24.3971183612,121.3567691669,263,,,false,gps,gps,台灣胡麻花,Heloniopsis umbellata,台灣胡麻花,Plantae,636269,,
22995153,Sun Feb 17 2019 11:52:15 GMT+0800 (GMT+8),2019-02-17,2019-02-17 03:52:15 UTC,Australia/Perth,1656882,adamlai,2019-04-24 13:44:52 UTC,2019-04-24 14:20:38 UTC,research,CC-BY-NC,https://www.inaturalist.org/observations/22995153,https://static.inaturalist.org/photos/35648687/medium.jpg?1556113498,,"",,2,0,false,3,"267, 大同鄉, , TW",24.5018416667,121.5249783333,6,,,false,,,台灣胡麻花,Heloniopsis umbellata,台灣胡麻花,Plantae,636269,,
22995981,2019-04-24 5:33:58 下午 GMT+08:00,2019-04-24,2019-04-24 09:33:58 UTC,Australia/Perth,1049520,ellen89,2019-04-24 14:09:17 UTC,2019-04-24 14:25:58 UTC,research,,https://www.inaturalist.org/observations/22995981,https://static.inaturalist.org/photos/35649927/medium.jpeg?1556114961,,"",,2,0,false,2,311台灣新竹縣五峰鄉樂山大道,24.5001773834,121.0879592896,,,,false,gps,gps,台灣胡麻花,Heloniopsis umbellata,台灣胡麻花,Plantae,636269,,
23612002,2019/04/21 1:34 PM UTC,2019-04-21,,UTC,1298392,naturalist4350,2019-04-28 12:23:03 UTC,2020-05-28 07:12:19 UTC,research,,https://www.inaturalist.org/observations/23612002,https://static.inaturalist.org/photos/36556467/medium.jpeg?1556454059,,"",not sure,2,0,false,,台灣宜蘭縣,24.3960621548,121.356091339,15,,,false,,,台灣胡麻花,Heloniopsis umbellata,台灣胡麻花,Plantae,636269,,
23646425,2019/04/21 9:34 AM UTC,2019-04-21,,UTC,1298392,naturalist4350,2019-04-28 15:23:30 UTC,2020-05-28 07:12:06 UTC,research,,https://www.inaturalist.org/observations/23646425,https://static.inaturalist.org/photos/36601145/medium.jpeg?1556464664,,"",,2,0,false,,台灣台中市,24.3487913867,121.3221906908,31,,,false,,,台灣胡麻花,Heloniopsis umbellata,台灣胡麻花,Plantae,636269,,
23858091,2019/02/12 1:08 PM CST,2019-02-12,2019-02-12 05:08:00 UTC,Taipei,386262,kinmatsu,2019-04-29 05:46:02 UTC,2020-05-28 07:00:49 UTC,research,CC-BY-NC,https://www.inaturalist.org/observations/23858091,https://static.inaturalist.org/photos/36917832/medium.jpg?1556516704,,"",,1,0,false,,台灣新北市,25.1852670624,121.5269015344,196,,,false,,,台灣胡麻花,Heloniopsis umbellata,台灣胡麻花,Plantae,636269,,
24267448,2018/03/28 6:22 AM CST,2018-03-28,2018-03-27 22:22:00 UTC,Taipei,1049521,polydoris,2019-05-01 10:21:01 UTC,2019-05-01 16:05:45 UTC,research,CC-BY-NC,https://www.inaturalist.org/observations/24267448,https://static.inaturalist.org/photos/37525115/medium.jpeg?1556702737,,"",,2,0,false,,267台灣宜蘭縣大同鄉太平巷58之1號,24.497724,121.5350318,195,,,false,,,台灣胡麻花,Heloniopsis umbellata,台灣胡麻花,Plantae,636269,,
24267449,2018/03/28 8:47 AM CST,2018-03-28,2018-03-28 00:47:00 UTC,Taipei,1049521,polydoris,2019-05-01 10:21:01 UTC,2019-05-01 16:03:05 UTC,research,CC-BY-NC,https://www.inaturalist.org/observations/24267449,https://static.inaturalist.org/photos/37525197/medium.jpeg?1556702828,,"",,2,0,false,,267台灣宜蘭縣大同鄉太平巷58之1號,24.497724,121.5350318,195,,,false,,,台灣胡麻花,Heloniopsis umbellata,台灣胡麻花,Plantae,636269,,
24267470,2018/03/28 11:09 AM CST,2018-03-28,2018-03-28 03:09:00 UTC,Taipei,1049521,polydoris,2019-05-01 10:21:13 UTC,2020-05-28 07:00:33 UTC,research,CC-BY-NC,https://www.inaturalist.org/observations/24267470,https://static.inaturalist.org/photos/37525681/medium.jpeg?1556703377,,"",,2,0,false,,267台灣宜蘭縣大同鄉太平巷58之1號,24.497724,121.5350318,195,,,false,,,台灣胡麻花,Heloniopsis umbellata,台灣胡麻花,Plantae,636269,,
25587324,Sun Apr 14 2019 12:18:36 GMT+0800 (GMT+8),2019-04-14,2019-04-14 04:18:36 UTC,Australia/Perth,1689013,wawachow3,2019-05-22 22:51:37 UTC,2019-05-23 00:58:34 UTC,research,CC-BY-NC,https://www.inaturalist.org/observations/25587324,https://static.inaturalist.org/photos/39648703/medium.jpg?1558565746,,"",,1,0,false,3,"七星山步道, , , TW",25.1694966667,121.5521383333,5,,,false,,,台灣胡麻花,Heloniopsis umbellata,台灣胡麻花,Plantae,636269,,
27079555,2019/06/09 8:28 AM SST,2019-06-09,2019-06-08 19:28:00 UTC,Samoa,1652465,era7568,2019-06-16 11:17:10 UTC,2020-05-28 06:59:26 UTC,research,CC-BY-NC,https://www.inaturalist.org/observations/27079555,https://static.inaturalist.org/photos/42096690/medium.jpeg?1560683785,,"",,1,0,false,,台灣宜蘭縣,24.5053835491,121.6162879029,300,,,false,,,Heloniopsis umbellata,Heloniopsis umbellata,台灣胡麻花,Plantae,636269,,
29773658,Mon Jul 29 2019 11:29:08 GMT+0800 (GMT+8),2019-07-29,2019-07-29 03:29:08 UTC,Australia/Perth,824289,cjj,2019-07-29 09:39:15 UTC,2020-05-28 06:59:17 UTC,research,CC-BY-NC,https://www.inaturalist.org/observations/29773658,https://static.inaturalist.org/photos/46484893/medium.jpg?1564393162,,"",,1,0,false,3,"Yilan, TW-TA, TW",24.5084783016,121.6115253792,50,,,false,,,台灣胡麻花,Heloniopsis umbellata,台灣胡麻花,Plantae,636269,,
30813512,2019/08/07 2:39 PM HST,2019-08-07,2019-08-08 00:39:00 UTC,Hawaii,1128020,leaf1234,2019-08-14 15:20:51 UTC,2020-05-28 06:59:13 UTC,research,,https://www.inaturalist.org/observations/30813512,https://static.inaturalist.org/photos/48163586/medium.jpeg?1565796031,,"",,1,0,false,,台灣新竹縣,24.5070200229,121.1141429001,83,,,false,,,台灣胡麻花,Heloniopsis umbellata,台灣胡麻花,Plantae,636269,,
31459883,2019/02/07 9:38 AM UTC,2019-02-07,,UTC,1069899,cathylee,2019-08-25 08:19:35 UTC,2020-05-28 06:59:07 UTC,research,,https://www.inaturalist.org/observations/31459883,https://static.inaturalist.org/photos/49239458/medium.jpeg?1566720987,,"",陽明山金包里附近,1,0,false,,台灣台北,25.1673833333,121.5762777778,12,,,false,,,台灣胡麻花,Heloniopsis umbellata,台灣胡麻花,Plantae,636269,,
31471593,2019/04/23 9:28 AM CST,2019-04-23,2019-04-23 01:28:00 UTC,Taipei,386262,kinmatsu,2019-08-25 14:10:34 UTC,2020-05-28 06:59:01 UTC,research,CC-BY-NC,https://www.inaturalist.org/observations/31471593,https://static.inaturalist.org/photos/49256344/medium.jpg?1566741029,,"",,1,0,false,,台灣新北市,25.1877257933,121.5243982398,200,,,false,,,台灣胡麻花,Heloniopsis umbellata,台灣胡麻花,Plantae,636269,,
31602253,2019-08-27 12:19:10 下午 GMT+08:00,2019-08-27,2019-08-27 04:19:10 UTC,Australia/Perth,824289,cjj,2019-08-27 11:30:28 UTC,2020-05-28 06:58:38 UTC,research,CC-BY-NC,https://www.inaturalist.org/observations/31602253,https://static.inaturalist.org/photos/49474700/medium.jpeg?1566905436,,"",,1,0,false,2,"Yilan, TW-TA, TW",24.51812727,121.59996074,9,,,false,,,台灣胡麻花,Heloniopsis umbellata,台灣胡麻花,Plantae,636269,,
32212308,2008/01/31 12:52 PM CST,2008-01-31,2008-01-31 04:52:00 UTC,Taipei,390749,lipenghsu,2019-09-06 13:25:48 UTC,2020-05-28 06:58:30 UTC,research,CC-BY-NC,https://www.inaturalist.org/observations/32212308,https://static.inaturalist.org/photos/50502538/medium.jpeg?1567776311,,"",,3,0,false,,台灣新竹縣,24.508148137,121.1150471498,65,,,false,,,台灣胡麻花,Heloniopsis umbellata,台灣胡麻花,Plantae,636269,,
33829330,2019-10-04 12:13:54 PM GMT+08:00,2019-10-04,2019-10-04 04:13:54 UTC,Australia/Perth,1381444,naturalist3857,2019-10-04 04:15:04 UTC,2019-10-04 04:15:26 UTC,research,,https://www.inaturalist.org/observations/33829330,https://static.inaturalist.org/photos/53175753/medium.jpeg?1570162507,,"",,1,0,false,2,365台灣苗栗縣泰安鄉1,24.5060612,121.1136873,77,,,false,,,台灣胡麻花,Heloniopsis umbellata,台灣胡麻花,Plantae,636269,,
33872573,2018/01/20 4:58 PM HST,2018-01-20,2018-01-21 02:58:00 UTC,Hawaii,2286532,jessica860411,2019-10-05 02:20:10 UTC,2019-10-05 04:33:11 UTC,research,,https://www.inaturalist.org/observations/33872573,https://static.inaturalist.org/photos/53244414/medium.jpg?1570238697,,"",,1,0,false,,557台灣南投縣竹山鎮溪山路6號,23.6368442,120.7949225,166,,,false,,,台灣胡麻花,Heloniopsis umbellata,台灣胡麻花,Plantae,636269,,
33937542,2018/04/04 2:38 PM +0800,2018-04-04,2018-04-04 06:38:00 UTC,Australia/Perth,2286532,jessica860411,2019-10-06 07:14:12 UTC,2020-05-28 06:54:36 UTC,research,,https://www.inaturalist.org/observations/33937542,https://static.inaturalist.org/photos/53356812/medium.jpeg?1570344570,,"",,1,0,false,,557台灣南投縣竹山鎮溪山路6號,23.6394696,120.7922119,188,,,false,,,台灣胡麻花,Heloniopsis umbellata,台灣胡麻花,Plantae,636269,,
34058922,Sat Oct 05 2019 13:17:20 GMT+0800 (GMT+8),2019-10-05,2019-10-05 05:17:20 UTC,Australia/Perth,1415857,jodyhsieh,2019-10-08 09:55:42 UTC,2020-05-28 06:54:49 UTC,research,CC-BY-NC,https://www.inaturalist.org/observations/34058922,https://static.inaturalist.org/photos/53557290/medium.jpg?1570528564,,"",,1,0,false,3,"大同鄉, TW",24.49952,121.5243216667,415,,,false,,,台灣胡麻花,Heloniopsis umbellata,台灣胡麻花,Plantae,636269,,
34101592,2018/01/20 4:58 PM HST,2018-01-20,2018-01-21 02:58:00 UTC,Hawaii,2286532,jessica860411,2019-10-09 03:39:00 UTC,2020-05-28 06:53:52 UTC,research,,https://www.inaturalist.org/observations/34101592,https://static.inaturalist.org/photos/53626373/medium.jpg?1570590370,,"",,1,0,false,,557台灣南投縣竹山鎮溪山路6號,23.6394696,120.7922119,188,,,false,,,台灣胡麻花,Heloniopsis umbellata,台灣胡麻花,Plantae,636269,,
35079207,2014/04/05 9:55 AM CST,2014-04-05,2014-04-05 01:55:00 UTC,Taipei,1013900,chinaberryhuang,2019-10-30 07:23:30 UTC,2020-05-28 06:53:46 UTC,research,CC-BY-NC,https://www.inaturalist.org/observations/35079207,https://static.inaturalist.org/photos/55293451/medium.jpg?1572420077,,"",,1,0,false,,台灣台中市,24.392555109,121.354059793,31,,,false,,,台灣胡麻花,Heloniopsis umbellata,台灣胡麻花,Plantae,636269,,
35940812,2019-11-17 3:41:54 PM GMT+08:00,2019-11-17,2019-11-17 07:41:54 UTC,Australia/Perth,1178568,mlb2005ts,2019-11-22 06:07:54 UTC,2019-11-22 10:17:37 UTC,research,CC-BY-NC,https://www.inaturalist.org/observations/35940812,https://static.inaturalist.org/photos/56741806/medium.jpeg?1574402897,,"",,2,0,false,2,111台灣台北市士林區平等里,25.1670398712,121.5751953125,,,,false,gps,gps,台灣胡麻花,Heloniopsis umbellata,台灣胡麻花,Plantae,636269,,
36699384,2019-12-14 2:50:40 PM GMT+08:00,2019-12-14,2019-12-14 06:50:40 UTC,Australia/Perth,1563155,jiesianglin,2019-12-16 10:58:44 UTC,2019-12-16 12:23:32 UTC,research,,https://www.inaturalist.org/observations/36699384,https://static.inaturalist.org/photos/58051095/medium.jpeg?1576493929,,"",,2,0,false,2,311台灣新竹縣五峰鄉竹林村,24.5658550262,121.1944656372,,,,false,gps,gps,台灣胡麻花,Heloniopsis umbellata,台灣胡麻花,Plantae,636269,,
36715795,Sat Dec 14 2019 14:48:40 GMT+0800 (GMT+8),2019-12-14,2019-12-14 06:48:40 UTC,Australia/Perth,1043450,sirui,2019-12-17 00:13:10 UTC,2020-05-28 06:57:45 UTC,research,,https://www.inaturalist.org/observations/36715795,https://static.inaturalist.org/photos/58080179/medium.jpg?1576541601,,"",,2,0,false,3,"五峰鄉, TW",24.56587167,121.19457167,8,,,false,,,台灣胡麻花,Heloniopsis umbellata,台灣胡麻花,Plantae,636269,,
37056112,2019-12-28 3:47:38 PM GMT+08:00,2019-12-28,2019-12-28 07:47:38 UTC,Taipei,1432301,chienyu1,2019-12-29 06:22:56 UTC,2020-05-28 06:52:37 UTC,research,CC-BY-NC,https://www.inaturalist.org/observations/37056112,https://static.inaturalist.org/photos/58680774/medium.jpeg?1577600580,,"",,2,0,false,2,237台灣新北市三峽區金圳里,24.8905019115,121.3994944096,584,,,false,gps,gps,台灣胡麻花,Heloniopsis umbellata,台灣胡麻花,Plantae,636269,,
37265050,2020-01-03 2:25:07 PM GMT+08:00,2020-01-03,2020-01-03 06:25:07 UTC,Australia/Perth,2060569,cyuankai1996,2020-01-04 14:46:15 UTC,2020-05-28 07:11:44 UTC,research,,https://www.inaturalist.org/observations/37265050,https://static.inaturalist.org/photos/59045964/medium.jpeg?1578149202,,"",,2,0,false,2,112台灣台北市北投區游園站,25.1757449312,121.5440222248,49,,,false,gps,gps,台灣胡麻花,Heloniopsis umbellata,台灣胡麻花,Plantae,636269,,
37359973,Tue Jan 07 2020 11:52:33 GMT+0800 (GMT+8),2020-01-07,2020-01-07 03:52:33 UTC,Australia/Perth,2494057,sandrawang,2020-01-07 03:53:28 UTC,2020-01-08 06:44:25 UTC,research,,https://www.inaturalist.org/observations/37359973,https://static.inaturalist.org/photos/59212350/medium.jpg?1578369213,,"",,2,0,false,3,"尖石鄉, TW",24.6648166667,121.27482,,,,false,,,台灣胡麻花,Heloniopsis umbellata,台灣胡麻花,Plantae,636269,,
37674646,2020/01/15 1:17 PM CST,2020-01-15,2020-01-15 05:17:00 UTC,Taipei,1844874,naturalist14740,2020-01-17 07:37:27 UTC,2020-05-28 06:52:18 UTC,research,,https://www.inaturalist.org/observations/37674646,https://static.inaturalist.org/photos/59775419/medium.jpeg?1579246264,,"",,2,0,false,,台灣台北,25.1943014362,121.5608882904,122,,,false,,,台灣胡麻花,Heloniopsis umbellata,台灣胡麻花,Plantae,636269,,
37939140,2020/01/11 11:54 AM CST,2020-01-11,2020-01-11 03:54:00 UTC,Taipei,1844874,naturalist14740,2020-01-25 05:35:03 UTC,2020-05-28 06:52:08 UTC,research,,https://www.inaturalist.org/observations/37939140,https://static.inaturalist.org/photos/60219728/medium.jpeg?1579926904,,"",,0,0,false,,台灣台北,25.1782245746,121.5221787155,5,,,false,,,台灣胡麻花,Heloniopsis umbellata,台灣胡麻花,Plantae,636269,,
38055213,2020/01/18 3:06 PM CST,2020-01-18,2020-01-18 07:06:00 UTC,Taipei,1318231,stevenson1002,2020-01-28 11:07:49 UTC,2020-01-28 13:34:06 UTC,research,CC-BY-NC,https://www.inaturalist.org/observations/38055213,https://static.inaturalist.org/photos/60426222/medium.jpg?1580209144,,"",,1,0,false,,台灣南投縣,23.6407920556,120.7901241111,,,,false,,,台灣胡麻花,Heloniopsis umbellata,台灣胡麻花,Plantae,636269,,
38118709,2020-01-30 12:08:17 PM GMT+08:00,2020-01-30,2020-01-30 04:08:17 UTC,Australia/Perth,1021518,shuduan,2020-01-30 14:37:02 UTC,2020-01-31 11:01:55 UTC,research,CC-BY-NC,https://www.inaturalist.org/observations/38118709,https://static.inaturalist.org/photos/60537923/medium.jpeg?1580395029,,"",,2,0,false,2,112台灣台北市北投區湖田里,25.1651827757,121.5589691699,106,,,false,gps,gps,台灣胡麻花,Heloniopsis umbellata,台灣胡麻花,Plantae,636269,,
38139258,2020/01/25 12:07 PM CST,2020-01-25,2020-01-25 04:07:00 UTC,Taipei,1064087,huang_shu_chen,2020-01-31 07:30:30 UTC,2020-01-31 11:59:20 UTC,research,CC-BY-NC,https://www.inaturalist.org/observations/38139258,https://static.inaturalist.org/photos/60572643/medium.jpeg?1580454288,,"","",1,0,false,,台灣台北,25.167528146,121.5750449895,50,,,false,,,台灣胡麻花,Heloniopsis umbellata,台灣胡麻花,Plantae,636269,,
38139259,2020/01/25 12:08 PM CST,2020-01-25,2020-01-25 04:08:00 UTC,Taipei,1064087,huang_shu_chen,2020-01-31 07:30:30 UTC,2020-01-31 11:58:56 UTC,research,CC-BY-NC,https://www.inaturalist.org/observations/38139259,https://static.inaturalist.org/photos/60572655/medium.jpeg?1580454305,,"","",1,0,false,,台灣台北,25.1678660911,121.5757363033,50,,,false,,,台灣胡麻花,Heloniopsis umbellata,台灣胡麻花,Plantae,636269,,
38139262,2020/01/25 12:32 PM CST,2020-01-25,2020-01-25 04:32:00 UTC,Taipei,1064087,huang_shu_chen,2020-01-31 07:30:34 UTC,2020-01-31 11:58:44 UTC,research,CC-BY-NC,https://www.inaturalist.org/observations/38139262,https://static.inaturalist.org/photos/60572680/medium.jpeg?1580454330,,"","",1,0,false,,台灣台北,25.1677871811,121.5761797462,50,,,false,,,台灣胡麻花,Heloniopsis umbellata,台灣胡麻花,Plantae,636269,,
38172468,Sat Feb 01 2020 14:59:00 GMT+0800 (GMT+8),2020-02-01,2020-02-01 06:59:00 UTC,Australia/Perth,2428407,katechen,2020-02-01 06:59:20 UTC,2020-02-01 10:43:45 UTC,research,,https://www.inaturalist.org/observations/38172468,https://static.inaturalist.org/photos/60629325/medium.jpg?1580540365,,"",,0,0,false,3,"中湖戰備道路, TW",25.16982,121.560905,12,,,false,,,台灣胡麻花,Heloniopsis umbellata,台灣胡麻花,Plantae,636269,,
38175904,Sat Feb 01 2020 15:08:59 GMT+0800 (GMT+8),2020-02-01,2020-02-01 07:08:59 UTC,Australia/Perth,2428407,katechen,2020-02-01 10:36:44 UTC,2020-02-01 15:27:55 UTC,research,,https://www.inaturalist.org/observations/38175904,https://static.inaturalist.org/photos/60635169/medium.jpg?1580553408,,"",,1,0,false,3,"中湖戰備道路, TW",25.16953333,121.561395,1000,,,false,,,台灣胡麻花,Heloniopsis umbellata,台灣胡麻花,Plantae,636269,,
38180799,2020-02-01 8:27:04 AM GMT+08:00,2020-02-01,2020-02-01 00:27:04 UTC,Australia/Perth,1021518,shuduan,2020-02-01 14:37:48 UTC,2020-05-28 06:51:13 UTC,research,CC-BY-NC,https://www.inaturalist.org/observations/38180799,https://static.inaturalist.org/photos/60643655/medium.jpeg?1580567874,,"",,1,0,false,2,112台灣台北市北投區小油坑,25.1802119063,121.5457006171,115,,,false,gps,gps,台灣胡麻花,Heloniopsis umbellata,台灣胡麻花,Plantae,636269,,
38241477,Tue Jan 28 2020 15:08:09 GMT+0800 (GMT+8),2020-01-28,2020-01-28 07:08:09 UTC,Australia/Perth,1415857,jodyhsieh,2020-02-03 01:33:20 UTC,2020-05-28 06:51:08 UTC,research,CC-BY-NC,https://www.inaturalist.org/observations/38241477,https://static.inaturalist.org/photos/60751111/medium.jpg?1580693622,,"",,0,0,false,3,"三芝區, TW",25.18336333,121.53312833,32,,,false,,,台灣胡麻花,Heloniopsis umbellata,台灣胡麻花,Plantae,636269,,
38286482,Sun Feb 02 2020 10:25:27 GMT+0800 (GMT+8),2020-02-02,2020-02-02 02:25:27 UTC,Australia/Perth,1415857,jodyhsieh,2020-02-04 05:19:02 UTC,2020-02-04 12:54:55 UTC,research,CC-BY-NC,https://www.inaturalist.org/observations/38286482,https://static.inaturalist.org/photos/60826637/medium.jpg?1580793558,,"",,0,0,false,3,"巴拉卡公路, 三芝區, TW",25.18564167,121.52745833,48,,,false,,,台灣胡麻花,Heloniopsis umbellata,台灣胡麻花,Plantae,636269,,
38352908,2020/01/23 10:46 AM CST,2020-01-23,2020-01-23 02:46:00 UTC,Taipei,726819,calcium,2020-02-06 06:55:34 UTC,2020-05-28 06:51:01 UTC,research,CC-BY-NC,https://www.inaturalist.org/observations/38352908,https://static.inaturalist.org/photos/60942182/medium.jpeg?1580972128,,"",,0,0,false,,"Taiwan, TW",24.5380663089,121.0897655929,,obscured,,true,,,台灣胡麻花,Heloniopsis umbellata,台灣胡麻花,Plantae,636269,,
38446676,2020-02-09 9:09:35 上午 GMT+08:00,2020-02-09,2020-02-09 01:09:35 UTC,Australia/Perth,1637980,winson3,2020-02-09 01:12:26 UTC,2020-02-09 13:21:16 UTC,research,,https://www.inaturalist.org/observations/38446676,https://static.inaturalist.org/photos/61103747/medium.jpeg?1581210769,,"",,1,0,false,2,313台灣新竹縣尖石鄉秀巒村,24.66264334,121.27390068,3,,,false,,,台灣胡麻花,Heloniopsis umbellata,台灣胡麻花,Plantae,636269,,
38462944,Sun Feb 09 2020 13:41:37 GMT+0800 (GMT+8),2020-02-09,2020-02-09 05:41:37 UTC,Australia/Perth,1564997,kaichang,2020-02-09 13:13:54 UTC,2020-05-28 06:50:52 UTC,research,,https://www.inaturalist.org/observations/38462944,https://static.inaturalist.org/photos/61132199/medium.jpg?1581254067,,"",,0,0,false,3,"復興三路520巷, TW",25.166945,121.507255,,,,false,,,台灣胡麻花,Heloniopsis umbellata,台灣胡麻花,Plantae,636269,,
38531920,Tue Feb 11 2020 08:48:33 GMT+0800 (GMT+8),2020-02-11,2020-02-11 00:48:33 UTC,Taipei,1290156,shihhsien,2020-02-11 08:26:54 UTC,2020-05-28 06:50:47 UTC,research,,https://www.inaturalist.org/observations/38531920,https://static.inaturalist.org/photos/61252930/medium.jpg?1581409628,,"",,0,0,false,3,"陽明山國家公園, TW",25.190612571,121.5813981567,1743,,,false,,,台灣胡麻花,Heloniopsis umbellata,台灣胡麻花,Plantae,636269,,
38534290,2020-02-11 9:37:00 上午 GMT+08:00,2020-02-11,2020-02-11 01:37:00 UTC,Taipei,1511387,sandy-huiping,2020-02-11 11:45:37 UTC,2020-05-28 06:50:04 UTC,research,CC-BY-NC,https://www.inaturalist.org/observations/38534290,https://static.inaturalist.org/photos/61257889/medium.jpeg?1581421541,,"","",0,0,false,2,陽明山菜公坑,25.187869,121.524374,,,,false,,,台灣胡麻花,Heloniopsis umbellata,台灣胡麻花,Plantae,636269,,
38538513,2020-02-09 1:41:37 PM GMT+08:00,2020-02-09,2020-02-09 05:41:37 UTC,Australia/Perth,1563155,jiesianglin,2020-02-11 15:36:00 UTC,2020-05-28 06:49:59 UTC,research,,https://www.inaturalist.org/observations/38538513,https://static.inaturalist.org/photos/61265092/medium.jpeg?1581435373,,"",,3,0,false,2,大屯山,25.1770432898,121.5222799033,263,,,false,gps,gps,台灣胡麻花,Heloniopsis umbellata,台灣胡麻花,Plantae,636269,,
38663439,2020-02-15 11:38:52 AM GMT+08:00,2020-02-15,2020-02-15 03:38:52 UTC,Taipei,1583469,chiuluan,2020-02-15 09:09:16 UTC,2020-02-16 10:48:18 UTC,research,CC-BY-NC,https://www.inaturalist.org/observations/38663439,https://static.inaturalist.org/photos/61549865/medium.jpeg?1581838384,,"","",0,0,false,2,"Yilan, TW-TA, TW",24.50174636,121.5248968,8,,,false,,,台灣胡麻花,Heloniopsis umbellata,台灣胡麻花,Plantae,636269,,
38752504,Fri Feb 14 2020 11:41:13 GMT+0800 (GMT+8),2020-02-14,2020-02-14 03:41:13 UTC,Australia/Perth,2050414,buggi,2020-02-17 14:32:30 UTC,2020-05-28 06:49:50 UTC,research,CC-BY-NC,https://www.inaturalist.org/observations/38752504,https://static.inaturalist.org/photos/61640645/medium.jpg?1581950107,,"",,0,0,false,3,"巴拉卡公路, 三芝區, TW",25.18596667,121.52633667,8,,,false,,,台灣胡麻花,Heloniopsis umbellata,台灣胡麻花,Plantae,636269,,
38831175,2020-02-19 11:44:09 AM GMT+08:00,2020-02-19,2020-02-19 03:44:09 UTC,Taipei,748653,wang1420,2020-02-19 12:25:34 UTC,2020-05-28 06:49:45 UTC,research,CC-BY-NC,https://www.inaturalist.org/observations/38831175,https://static.inaturalist.org/photos/61768131/medium.jpeg?1582115138,,"",,1,0,false,2,"Yangmingshan, TW-TP-TC, TW-TP, TW",25.1744441986,121.5500030518,,,,false,gps,gps,台灣胡麻花,Heloniopsis umbellata,台灣胡麻花,Plantae,636269,,
38831194,2020-02-19 4:38:57 PM GMT+08:00,2020-02-19,2020-02-19 08:38:57 UTC,Taipei,748653,wang1420,2020-02-19 12:26:42 UTC,2020-05-28 06:49:40 UTC,research,CC-BY-NC,https://www.inaturalist.org/observations/38831194,https://static.inaturalist.org/photos/61768179/medium.jpeg?1582115205,,"",,0,0,false,2,"Yangmingshan, TW-TP-TC, TW-TP, TW",25.1686115265,121.555557251,,,,false,gps,gps,台灣胡麻花,Heloniopsis umbellata,台灣胡麻花,Plantae,636269,,
38831199,2020-02-19 4:39:37 PM GMT+08:00,2020-02-19,2020-02-19 08:39:37 UTC,Taipei,748653,wang1420,2020-02-19 12:26:58 UTC,2020-05-28 06:49:26 UTC,research,CC-BY-NC,https://www.inaturalist.org/observations/38831199,https://static.inaturalist.org/photos/61768191/medium.jpeg?1582115223,,"",,0,0,false,2,"Yangmingshan, TW-TP-TC, TW-TP, TW",25.1686115265,121.555557251,,,,false,gps,gps,台灣胡麻花,Heloniopsis umbellata,台灣胡麻花,Plantae,636269,,
38831203,2020-02-19 4:41:17 PM GMT+08:00,2020-02-19,2020-02-19 08:41:17 UTC,Taipei,748653,wang1420,2020-02-19 12:27:16 UTC,2020-05-28 06:49:19 UTC,research,CC-BY-NC,https://www.inaturalist.org/observations/38831203,https://static.inaturalist.org/photos/61768197/medium.jpeg?1582115240,,"",,0,0,false,2,"Yangmingshan, TW-TP-TC, TW-TP, TW",25.1686115265,121.555557251,,,,false,gps,gps,台灣胡麻花,Heloniopsis umbellata,台灣胡麻花,Plantae,636269,,
38868273,Wed Feb 19 2020 13:24:56 GMT+0800 (GMT+8),2020-02-19,2020-02-19 05:24:56 UTC,Taipei,1414253,mitrastemon,2020-02-20 01:04:00 UTC,2020-05-16 15:31:10 UTC,research,CC-BY-NC,https://www.inaturalist.org/observations/38868273,https://static.inaturalist.org/photos/61808553/medium.jpg?1582160644,,"",,3,0,false,3,"竹山鎮, TW",23.6210683333,120.8015016667,,,,false,,,台灣胡麻花,Heloniopsis umbellata,台灣胡麻花,Plantae,636269,,
39079983,Sun Feb 23 2020 12:33:58 GMT+0800 (GMT+8),2020-02-23,2020-02-23 04:33:58 UTC,Australia/Perth,1233585,maoneow,2020-02-23 09:24:38 UTC,2020-05-28 06:48:45 UTC,research,,https://www.inaturalist.org/observations/39079983,https://static.inaturalist.org/photos/62011739/medium.jpg?1582449884,,"",,0,0,false,3,TW,25.16928833,121.553405,10,,,false,,,台灣胡麻花,Heloniopsis umbellata,台灣胡麻花,Plantae,636269,,
39139559,2020/02/24 2:28 PM CST,2020-02-24,2020-02-24 06:28:00 UTC,Taipei,1465242,pchi45,2020-02-24 10:49:38 UTC,2020-05-28 06:48:41 UTC,research,,https://www.inaturalist.org/observations/39139559,https://static.inaturalist.org/photos/62091879/medium.jpeg?1582541219,,"",,0,0,false,,七星山步道（陽明山）,25.1699333333,121.551225,4,,,false,,,台灣胡麻花,Heloniopsis umbellata,台灣胡麻花,Plantae,636269,開花,
39148670,2020-02-21 11:42:41 AM GMT+08:00,2020-02-21,2020-02-21 03:42:41 UTC,Australia/Perth,1021518,shuduan,2020-02-24 13:40:25 UTC,2020-05-28 06:48:30 UTC,research,CC-BY-NC,https://www.inaturalist.org/observations/39148670,https://static.inaturalist.org/photos/62097185/medium.jpeg?1582551636,,"",,2,0,false,2,112台灣台北市北投區夢幻湖,25.1714219256,121.5596994013,263,,,false,gps,gps,台灣胡麻花,Heloniopsis umbellata,台灣胡麻花,Plantae,636269,,
39189827,Sat Feb 15 2020 14:54:42 GMT+0800 (GMT+8),2020-02-15,2020-02-15 06:54:42 UTC,Australia/Perth,1440538,hsiang-ying,2020-02-25 02:00:13 UTC,2020-05-28 06:48:23 UTC,research,CC-BY-NC,https://www.inaturalist.org/observations/39189827,https://static.inaturalist.org/photos/62140820/medium.jpg?1582596028,,"",,0,0,false,3,"新店區, TW",24.93982833,121.46170833,3000,,,false,,,台灣胡麻花,Heloniopsis umbellata,台灣胡麻花,Plantae,636269,,
39234619,2020-02-26 12:11:59 PM GMT+08:00,2020-02-26,2020-02-26 04:11:59 UTC,Australia/Perth,2606686,naturalist25958,2020-02-26 06:34:59 UTC,2020-05-28 06:48:19 UTC,research,,https://www.inaturalist.org/observations/39234619,https://static.inaturalist.org/photos/62220641/medium.jpg?1582698906,,"",,1,0,false,2,272台灣宜蘭縣南澳鄉金洋村,24.5084209442,121.6122665405,,,,false,gps,gps,台灣胡麻花,Heloniopsis umbellata,台灣胡麻花,Plantae,636269,,
39440311,2020/02/18 11:26 AM CST,2020-02-18,2020-02-18 03:26:00 UTC,Taipei,1308932,max822,2020-03-02 05:23:42 UTC,2020-05-28 06:48:12 UTC,research,CC-BY-NC,https://www.inaturalist.org/observations/39440311,https://static.inaturalist.org/photos/62575152/medium.jpeg?1583126509,,"",,1,0,false,,272台灣宜蘭縣南澳鄉,24.5161633,121.6027308,202,,,false,,,台灣胡麻花,Heloniopsis umbellata,台灣胡麻花,Plantae,636269,,
39568174,Sun Mar 01 2020 15:19:32 GMT+0800 (GMT+8),2020-03-01,2020-03-01 07:19:32 UTC,Australia/Perth,1445141,meihunglee,2020-03-05 12:24:01 UTC,2020-05-28 06:48:06 UTC,research,,https://www.inaturalist.org/observations/39568174,https://static.inaturalist.org/photos/62788054/medium.jpg?1583411052,,"",,0,0,false,3,"翠峰林道, 南澳鄉, TW",24.4962553593,121.5352721563,143,,,false,,,台灣胡麻花,Heloniopsis umbellata,台灣胡麻花,Plantae,636269,,
39603021,2020/02/29 1:26 PM SST,2020-02-29,2020-02-28 23:26:00 UTC,Samoa,2282402,ao5621,2020-03-06 07:00:49 UTC,2020-03-06 12:42:51 UTC,research,CC-BY-NC,https://www.inaturalist.org/observations/39603021,https://static.inaturalist.org/photos/62846006/medium.jpeg?1583476968,,"","",1,0,false,,台灣宜蘭縣,24.498874,121.469779,,,,false,,,台灣胡麻花,Heloniopsis umbellata,台灣胡麻花,Plantae,636269,,
39607204,2020-03-01 7:43:31 AM GMT+08:00,2020-03-01,2020-02-29 23:43:31 UTC,Australia/Perth,1021518,shuduan,2020-03-06 12:14:19 UTC,2020-03-06 22:59:20 UTC,research,CC-BY-NC,https://www.inaturalist.org/observations/39607204,https://static.inaturalist.org/photos/62853849/medium.jpeg?1583496866,,"",,2,0,false,2,112台灣台北市北投區鞍部站,25.1831134408,121.529283151,79,,,false,gps,gps,台灣胡麻花,Heloniopsis umbellata,台灣胡麻花,Plantae,636269,,
39827511,Sun Feb 23 2020 13:12:34 GMT+0800 (GMT+8),2020-02-23,2020-02-23 05:12:34 UTC,Australia/Perth,1330756,liubelinda,2020-03-11 03:32:42 UTC,2020-03-11 11:20:46 UTC,research,CC-BY-NC,https://www.inaturalist.org/observations/39827511,https://static.inaturalist.org/photos/63226999/medium.jpg?1583897571,,"",,2,0,false,3,"七星山步道, TW",25.16922833,121.55291667,128,,,false,,,台灣胡麻花,Heloniopsis umbellata,台灣胡麻花,Plantae,636269,,
39879613,2020-03-12 10:59:36 AM GMT+08:00,2020-03-12,2020-03-12 02:59:36 UTC,Taipei,824289,cjj,2020-03-12 11:54:15 UTC,2020-03-12 12:13:26 UTC,research,CC-BY-NC,https://www.inaturalist.org/observations/39879613,https://static.inaturalist.org/photos/63315891/medium.jpeg?1584014060,,"",,1,0,false,2,267台灣宜蘭縣大同鄉太平村,24.4991130829,121.5239181519,,,,false,gps,gps,Heloniopsis umbellata,Heloniopsis umbellata,台灣胡麻花,Plantae,636269,,
39879616,2020-03-12 10:59:52 AM GMT+08:00,2020-03-12,2020-03-12 02:59:52 UTC,Taipei,824289,cjj,2020-03-12 11:54:27 UTC,2020-03-12 12:13:17 UTC,research,CC-BY-NC,https://www.inaturalist.org/observations/39879616,https://static.inaturalist.org/photos/63315899/medium.jpeg?1584014072,,"",,1,0,false,2,267台灣宜蘭縣大同鄉太平村,24.4990348816,121.5238723755,,,,false,gps,gps,Heloniopsis umbellata,Heloniopsis umbellata,台灣胡麻花,Plantae,636269,,
39879623,2020-03-12 11:00:10 AM GMT+08:00,2020-03-12,2020-03-12 03:00:10 UTC,Taipei,824289,cjj,2020-03-12 11:54:39 UTC,2020-03-12 12:13:11 UTC,research,CC-BY-NC,https://www.inaturalist.org/observations/39879623,https://static.inaturalist.org/photos/63315910/medium.jpeg?1584014083,,"",,1,0,false,2,267台灣宜蘭縣大同鄉太平村,24.4990653992,121.5238265991,,,,false,gps,gps,Heloniopsis umbellata,Heloniopsis umbellata,台灣胡麻花,Plantae,636269,,
39888200,2020/03/12 11:23 AM CST,2020-03-12,2020-03-12 03:23:00 UTC,Taipei,824289,cjj,2020-03-12 16:34:19 UTC,2020-03-13 04:53:19 UTC,research,CC-BY-NC,https://www.inaturalist.org/observations/39888200,https://static.inaturalist.org/photos/63329440/medium.jpeg?1584030843,,"","",2,0,false,,台灣宜蘭縣,24.4990041401,121.52377229,,,,false,,,Heloniopsis umbellata,Heloniopsis umbellata,台灣胡麻花,Plantae,636269,,
39924995,2020-03-07 5:04:37 PM GMT+08:00,2020-03-07,2020-03-07 09:04:37 UTC,Australia/Perth,1563155,jiesianglin,2020-03-13 14:30:33 UTC,2020-03-13 14:40:01 UTC,research,,https://www.inaturalist.org/observations/39924995,https://static.inaturalist.org/photos/63392420/medium.jpeg?1584109837,,"",,1,0,false,2,233台灣新北市烏來區福山里,24.6817338889,121.50349,,,,false,gps,gps,Heloniopsis umbellata,Heloniopsis umbellata,台灣胡麻花,Plantae,636269,,
40072448,2020-03-07 7:59:43 AM GMT+08:00,2020-03-07,2020-03-06 23:59:43 UTC,Australia/Perth,1096836,a7711219,2020-03-16 09:54:47 UTC,2020-03-16 10:34:04 UTC,research,CC-BY-NC,https://www.inaturalist.org/observations/40072448,https://static.inaturalist.org/photos/63644243/medium.jpeg?1584352490,,"",,2,0,false,2,336台灣桃園市復興區華陵里,24.6956874571,121.470407322,1292,,,false,gps,gps,台灣胡麻花,Heloniopsis umbellata,台灣胡麻花,Plantae,636269,,
40279853,Fri Mar 20 2020 13:03:18 GMT+0800 (GMT+8),2020-03-20,2020-03-20 05:03:18 UTC,Taipei,2602785,byh9981558,2020-03-20 05:04:33 UTC,2020-03-20 07:58:12 UTC,research,,https://www.inaturalist.org/observations/40279853,https://static.inaturalist.org/photos/63984970/medium.jpg?1584680742,,"",太平山見晴懷古步道,2,0,false,3,"大同鄉, TW",24.5427985068,121.5238168466,7000,,,false,,,台灣胡麻花,Heloniopsis umbellata,台灣胡麻花,Plantae,636269,,
40587085,Sun Mar 22 2020 11:39:02 GMT+0800 (GMT+8),2020-03-22,2020-03-22 03:39:02 UTC,Australia/Perth,1075766,eyin,2020-03-23 15:30:16 UTC,2020-03-23 16:24:59 UTC,research,,https://www.inaturalist.org/observations/40587085,https://static.inaturalist.org/photos/64328201/medium.jpg?1584977479,,"",,2,0,false,3,"翠峰湖環山步道, 南澳鄉, , TW",24.51248,121.61150333,32,,,false,,,Heloniopsis umbellata,Heloniopsis umbellata,台灣胡麻花,Plantae,636269,,
40609093,Sun Mar 22 2020 08:46:56 GMT+0800 (GMT+8),2020-03-22,2020-03-22 00:46:56 UTC,Australia/Perth,1671413,volunteer1315,2020-03-23 22:38:34 UTC,2020-04-10 12:04:43 UTC,research,CC-BY-NC,https://www.inaturalist.org/observations/40609093,https://static.inaturalist.org/photos/64364574/medium.jpg?1585003121,,"",,2,0,false,3,"雪霸國家公園, 和平區, TW",24.38494167,121.29643833,8,,,false,,,Heloniopsis umbellata,Heloniopsis umbellata,台灣胡麻花,Plantae,636269,,
40711377,2020/03/18 1:18 PM CST,2020-03-18,2020-03-18 05:18:00 UTC,Taipei,727289,greenlapwing,2020-03-25 20:12:20 UTC,2020-03-26 03:43:54 UTC,research,CC-BY-NC,https://www.inaturalist.org/observations/40711377,https://static.inaturalist.org/photos/64535449/medium.jpeg?1585166181,,"",,1,0,false,,台灣新竹縣,24.736889801,121.2855406537,15,,,false,,,Heloniopsis umbellata,Heloniopsis umbellata,台灣胡麻花,Plantae,636269,,
40728231,2020-02-12 10:39:54 AM GMT+08:00,2020-02-12,2020-02-12 02:39:54 UTC,Taipei,2644672,huan-cheng,2020-03-26 01:08:57 UTC,2020-05-28 06:46:31 UTC,research,CC-BY-NC-ND,https://www.inaturalist.org/observations/40728231,https://static.inaturalist.org/photos/64565645/medium.jpeg?1585184941,,"",,2,0,false,2,112台灣台北市北投區湖田里,25.16816825,121.5559890278,,,,false,gps,gps,台灣胡麻花,Heloniopsis umbellata,台灣胡麻花,Plantae,636269,,
40741633,2020-03-24 1:03:40 PM GMT+08:00,2020-03-24,2020-03-24 05:03:40 UTC,Australia/Perth,1930398,raychen,2020-03-26 08:39:54 UTC,2020-05-28 06:46:21 UTC,research,,https://www.inaturalist.org/observations/40741633,https://static.inaturalist.org/photos/64588376/medium.jpeg?1585211998,,"",,1,0,false,2,365台灣苗栗縣泰安鄉1-2,24.5093312329,121.1153401807,17,,,false,gps,gps,台灣胡麻花,Heloniopsis umbellata,台灣胡麻花,Plantae,636269,,
41087462,2020/03/30 10:29 AM CST,2020-03-30,2020-03-30 02:29:00 UTC,Taipei,1520486,hua5,2020-03-31 03:09:59 UTC,2020-03-31 03:24:31 UTC,research,CC-BY-NC-SA,https://www.inaturalist.org/observations/41087462,https://static.inaturalist.org/photos/65147170/medium.jpeg?1585623380,,"",,1,0,false,,台灣台北市士林區擎天崗,25.1677807061,121.5754701873,500,,,false,,,Heloniopsis umbellata,Heloniopsis umbellata,台灣胡麻花,Plantae,636269,,
41087991,2020/03/30 10:24 AM CST,2020-03-30,2020-03-30 02:24:00 UTC,Taipei,1520486,hua5,2020-03-31 03:21:28 UTC,2020-03-31 03:26:54 UTC,research,CC-BY-NC-SA,https://www.inaturalist.org/observations/41087991,https://static.inaturalist.org/photos/65149227/medium.jpeg?1585624854,,"",,1,0,false,,台灣台北市士林區擎天崗,25.1677807061,121.5754701873,500,,,false,,,Heloniopsis umbellata,Heloniopsis umbellata,台灣胡麻花,Plantae,636269,,
41808752,2020/03/27 2:48 PM CST,2020-03-27,2020-03-27 06:48:00 UTC,Taipei,929412,hsincandy,2020-04-10 08:10:59 UTC,2020-05-28 06:45:43 UTC,research,,https://www.inaturalist.org/observations/41808752,https://static.inaturalist.org/photos/66339380/medium.jpg?1586505818,,"","",2,0,false,,台灣宜蘭縣,24.5042955701,121.5257127441,217,,,false,,,台灣胡麻花,Heloniopsis umbellata,台灣胡麻花,Plantae,636269,,
42420888,2020/04/17 3:32 PM CST,2020-04-17,2020-04-17 07:32:00 UTC,Taipei,1844874,naturalist14740,2020-04-17 21:09:13 UTC,2020-05-28 06:45:26 UTC,needs_id,,https://www.inaturalist.org/observations/42420888,https://static.inaturalist.org/photos/67353854/medium.jpeg?1587157552,,"",,0,0,false,,112台灣台北市北投區泉源路200號,25.1770433,121.52228,195,,,false,,,台灣胡麻花,Heloniopsis umbellata,台灣胡麻花,Plantae,636269,,
42529884,2020/04/18 2:34 PM +1100,2020-04-18,2020-04-18 03:34:00 UTC,Asia/Magadan,1060750,luoycy,2020-04-19 00:38:24 UTC,2020-05-28 07:11:06 UTC,research,CC-BY-NC,https://www.inaturalist.org/observations/42529884,https://static.inaturalist.org/photos/67529116/medium.jpeg?1587255765,,"","",2,0,false,,台灣宜蘭縣,24.5042915942,121.5264151867,96,,,false,,,台灣胡麻花,Heloniopsis umbellata,台灣胡麻花,Plantae,636269,,
42529925,2020/04/18 2:38 PM +1100,2020-04-18,2020-04-18 03:38:00 UTC,Asia/Magadan,1060750,luoycy,2020-04-19 00:39:03 UTC,2020-05-28 07:10:51 UTC,research,CC-BY-NC,https://www.inaturalist.org/observations/42529925,https://static.inaturalist.org/photos/67529328/medium.jpeg?1587255842,,"","",2,0,false,,台灣宜蘭縣,24.5042915942,121.5264151867,96,,,false,,,台灣胡麻花,Heloniopsis umbellata,台灣胡麻花,Plantae,636269,,
42561216,Sat Apr 18 2020 09:52:31 GMT+0800 (GMT+8),2020-04-18,2020-04-18 01:52:31 UTC,Australia/Perth,1180995,wu050440,2020-04-19 12:22:20 UTC,2020-05-28 06:44:20 UTC,research,,https://www.inaturalist.org/observations/42561216,https://static.inaturalist.org/photos/67584154/medium.jpg?1587298944,,"",,1,0,false,3,"巴拉卡公路, 三芝區, TW",25.18634167,121.52529167,12,,,false,,,台灣胡麻花,Heloniopsis umbellata,台灣胡麻花,Plantae,636269,,
42836791,2020/02/14 10:32 AM CST,2020-02-14,2020-02-14 02:32:00 UTC,Taipei,1672918,cora_li,2020-04-22 12:15:05 UTC,2020-05-28 06:44:09 UTC,research,,https://www.inaturalist.org/observations/42836791,https://static.inaturalist.org/photos/68028393/medium.jpeg?1587557509,,"",,1,0,false,,台灣台北,25.1673752588,121.5649901292,459,,,false,,,台灣胡麻花,Heloniopsis umbellata,台灣胡麻花,Plantae,636269,,
42836793,2020/02/14 10:33 AM CST,2020-02-14,2020-02-14 02:33:00 UTC,Taipei,1672918,cora_li,2020-04-22 12:15:05 UTC,2020-04-22 15:05:30 UTC,research,,https://www.inaturalist.org/observations/42836793,https://static.inaturalist.org/photos/68028409/medium.jpeg?1587557521,,"",,2,0,false,,台灣台北,25.1692442366,121.5644894558,1492,,,false,,,台灣胡麻花,Heloniopsis umbellata,台灣胡麻花,Plantae,636269,,
42938645,Sat Mar 21 2020 12:56:31 GMT+0800 (GMT+8),2020-03-21,2020-03-21 04:56:31 UTC,Australia/Perth,2814678,kinchen,2020-04-23 09:52:44 UTC,2020-05-03 03:38:19 UTC,research,,https://www.inaturalist.org/observations/42938645,https://static.inaturalist.org/photos/68182302/medium.jpg?1587635579,,"",,2,0,false,3,"大同鄉, TW",24.49941333,121.51602167,7967,,,false,,,台灣胡麻花,Heloniopsis umbellata,台灣胡麻花,Plantae,636269,,
42940302,2020/04/01 9:07 AM SST,2020-04-01,2020-03-31 19:07:00 UTC,Samoa,2282402,ao5621,2020-04-23 10:33:12 UTC,2020-05-28 06:41:10 UTC,research,CC-BY-NC,https://www.inaturalist.org/observations/42940302,https://static.inaturalist.org/photos/68159812/medium.jpeg?1587613516,,"","",1,0,false,,台灣台中市,24.38551,121.29745,,,,false,,,台灣胡麻花,Heloniopsis umbellata,台灣胡麻花,Plantae,636269,,
43522195,2020-04-25 4:30:25 PM GMT+08:00,2020-04-25,2020-04-25 08:30:25 UTC,Taipei,1572022,breeze-lin,2020-04-26 02:24:50 UTC,2020-05-02 17:46:51 UTC,needs_id,CC-BY-NC-ND,https://www.inaturalist.org/observations/43522195,https://static.inaturalist.org/photos/69051114/medium.jpeg?1587867899,,"",,0,0,false,2,267台灣宜蘭縣大同鄉南山村,24.4001097168,121.3670088351,1461,,,false,gps,gps,,Heloniopsis umbellata,台灣胡麻花,Plantae,636269,,
43626663,2020/04/25 2:13 PM CST,2020-04-25,2020-04-25 06:13:00 UTC,Taipei,1298392,naturalist4350,2020-04-26 14:51:21 UTC,2020-05-03 10:41:26 UTC,research,,https://www.inaturalist.org/observations/43626663,https://static.inaturalist.org/photos/69194639/medium.jpeg?1587910398,,"","",2,0,false,,台灣宜蘭縣,24.397103705,121.3564932346,15,,,false,,,Heloniopsis umbellata,Heloniopsis umbellata,台灣胡麻花,Plantae,636269,,
43856357,2015/04/18 9:21 AM CST,2015-04-18,2015-04-18 01:21:00 UTC,Taipei,1013900,chinaberryhuang,2020-04-27 09:17:51 UTC,2020-05-28 07:10:33 UTC,research,CC-BY-NC,https://www.inaturalist.org/observations/43856357,https://static.inaturalist.org/photos/69543014/medium.jpg?1587973090,,"",,1,0,false,,台灣台中市,24.3374818998,121.3096906397,8,,,false,,,台灣胡麻花,Heloniopsis umbellata,台灣胡麻花,Plantae,636269,,
44696996,2020/04/30 3:38 PM CST,2020-04-30,2020-04-30 07:38:00 UTC,Taipei,1844874,naturalist14740,2020-05-03 07:09:35 UTC,2020-05-28 06:40:38 UTC,research,,https://www.inaturalist.org/observations/44696996,https://static.inaturalist.org/photos/70865331/medium.jpeg?1588489607,,"",,1,0,false,,311台灣新竹縣五峰鄉,24.555188,121.10052,220,,,false,,,台灣胡麻花,Heloniopsis umbellata,台灣胡麻花,Plantae,636269,,
44700950,2020-05-03 4:33:28 PM GMT+08:00,2020-05-03,2020-05-03 08:33:28 UTC,Taipei,390749,lipenghsu,2020-05-03 08:34:22 UTC,2020-05-28 06:42:01 UTC,research,CC-BY-NC,https://www.inaturalist.org/observations/44700950,https://static.inaturalist.org/photos/70871523/medium.jpeg?1588494868,,"",,1,0,false,2,267台灣宜蘭縣大同鄉太平村,24.50456814,121.5311586,9,,,false,,,台灣胡麻花,Heloniopsis umbellata,台灣胡麻花,Plantae,636269,,
44848177,2020/04/25 1:02 PM CST,2020-04-25,2020-04-25 05:02:00 UTC,Taipei,1008290,yyykkyyykk,2020-05-04 05:44:36 UTC,2020-05-04 13:05:05 UTC,research,CC-BY-NC,https://www.inaturalist.org/observations/44848177,https://static.inaturalist.org/photos/71099250/medium.jpeg?1588570892,,"","",1,0,false,,"Taichung, Taichung, Taiwan",24.384979,121.296462,,,,false,,,台灣胡麻花,Heloniopsis umbellata,台灣胡麻花,Plantae,636269,,
45133378,2017/04/21 8:50 AM CST,2017-04-21,2017-04-21 00:50:00 UTC,Taipei,1013900,chinaberryhuang,2020-05-07 02:19:41 UTC,2020-05-28 06:39:40 UTC,research,CC-BY-NC,https://www.inaturalist.org/observations/45133378,https://static.inaturalist.org/photos/71551223/medium.jpg?1588815119,,"",,1,0,false,,台灣台中市,24.3377075557,121.3088100988,8,,,false,,,台灣胡麻花,Heloniopsis umbellata,台灣胡麻花,Plantae,636269,,
45465421,2020-05-09 12:30:35 PM GMT+08:00,2020-05-09,2020-05-09 04:30:35 UTC,Australia/Perth,1096836,a7711219,2020-05-10 10:54:55 UTC,2020-05-28 06:40:02 UTC,research,CC-BY-NC,https://www.inaturalist.org/observations/45465421,https://static.inaturalist.org/photos/72097428/medium.jpeg?1589108106,,"",,2,0,false,2,272台湾宜蘭縣南澳鄉金洋村,24.5133411667,121.6098332222,,,,false,gps,gps,台灣胡麻花,Heloniopsis umbellata,台灣胡麻花,Plantae,636269,,
45862403,2020-05-14 12:44:45 PM GMT+08:00,2020-05-14,2020-05-14 04:44:45 UTC,Taipei,1588733,vincentkang,2020-05-14 12:09:07 UTC,2020-05-28 06:38:11 UTC,research,CC-BY-NC,https://www.inaturalist.org/observations/45862403,https://static.inaturalist.org/photos/72738901/medium.jpeg?1589458155,,"",,1,0,false,2,"七星山主峰頂 Unnamed Road 112, 北投區台北市台灣 112",25.1704823889,121.55234275,,,,false,gps,gps,台灣胡麻花,Heloniopsis umbellata,台灣胡麻花,Plantae,636269,,
47211721,2020/05/18 4:03 PM CST,2020-05-18,2020-05-18 08:03:00 UTC,Taipei,1520486,hua5,2020-05-25 01:16:53 UTC,2020-05-28 06:37:05 UTC,research,CC-BY-NC-SA,https://www.inaturalist.org/observations/47211721,https://static.inaturalist.org/photos/74871171/medium.jpeg?1590368175,,"",,1,0,false,,台灣宜蘭縣,24.5259685278,121.5204086111,100,,,false,,,台灣胡麻花,Heloniopsis umbellata,台灣胡麻花,Plantae,636269,,
