"","decimalLongitude","decimalLatitude","key","bio_1","bio_2","bio_3","bio_4","bio_5","bio_6","bio_7","bio_8","bio_9","bio_10","bio_11","bio_12","bio_13","bio_14","bio_15","bio_16","bio_17","bio_18","bio_19"
"1",121.28388,24.145075,"2563637960",67,52,314,3831,148,-16,164,107,16,117,15,2617,365,84,45,1068,282,939,377
"2",121.112228,24.19782,"2576318674",72,52,310,3921,154,-13,167,107,38,122,18,2634,432,68,57,1204,225,1137,351
"3",121.112228,24.19782,"2576324606",72,52,310,3921,154,-13,167,107,38,122,18,2634,432,68,57,1204,225,1137,351
"4",121.122984,24.19694,"2576394810",84,52,306,3991,166,-3,169,120,49,135,29,2638,433,68,57,1204,226,1141,349
"5",120.936708,23.59663,"2576504154",98,56,339,3666,175,9,165,143,64,143,46,3268,645,59,78,1765,180,1765,219
"6",121.208694,24.373042,"2579217954",55,49,300,3886,135,-26,162,90,4,106,2,2263,349,69,51,976,227,936,317
"7",121.219147,24.381414,"2579237944",53,48,300,3874,133,-28,161,88,3,104,0,2332,358,76,49,989,248,946,342
"8",121.210067,24.373881,"2579264954",55,49,300,3886,135,-26,162,90,4,106,2,2263,349,69,51,976,227,936,317
"9",121.209672,24.373561,"2579270968",55,49,300,3886,135,-26,162,90,4,106,2,2263,349,69,51,976,227,936,317
"10",121.211778,24.375494,"2579280046",45,48,303,3822,124,-35,159,79,-5,95,-7,2288,357,75,49,978,247,929,340
"11",121.216025,24.380483,"2579291065",45,48,303,3822,124,-35,159,79,-5,95,-7,2288,357,75,49,978,247,929,340
"12",121.523675,25.187253,"2603364015",177,28,170,4774,258,92,166,203,152,240,110,3791,457,230,21,1325,758,899,868
"13",121.271356,24.142375,"2012980090",59,52,318,3784,139,-24,163,93,8,108,7,2561,372,77,49,1034,259,993,349
"14",120.891548,23.478393,"2028469013",94,55,343,3556,169,7,161,138,61,138,44,3411,616,72,71,1723,219,1723,270
"15",121.289675,24.166222,"2028470609",72,51,311,3871,153,-12,165,112,20,121,19,2522,359,83,44,1036,277,876,373
"16",121.551667,25.17,"2028471384",167,28,174,4686,248,84,164,193,106,230,102,4104,509,253,22,1429,798,1022,888
"17",121.551667,25.17,"2028484404",167,28,174,4686,248,84,164,193,106,230,102,4104,509,253,22,1429,798,1022,888
"18",121.409681,24.379433,"2234808289",72,47,291,3940,154,-9,163,113,20,124,19,2308,298,109,36,845,341,707,404
"19",121.287801,24.163487,"2294408874",72,51,311,3871,153,-12,165,112,20,121,19,2522,359,83,44,1036,277,876,373
"20",121.531649,24.503661,"2456495640",125,44,259,4277,210,40,170,147,106,181,66,3451,509,182,36,1498,560,789,708
"21",121.417553,24.379664,"2456495713",65,47,294,3888,146,-15,161,85,14,116,12,2443,322,116,35,906,360,733,426
"22",121.027519,24.282746,"2456498699",92,50,293,4083,174,5,169,128,57,144,35,2205,436,44,74,1164,139,1115,245
"23",120.889628,23.476805,"2238796276",93,55,344,3546,167,6,161,136,60,136,43,3431,616,72,70,1727,218,1727,270
"24",120.879967,23.470018,"2238844255",91,55,345,3531,164,4,161,134,58,134,41,3511,640,72,72,1797,218,1797,270
"25",120.825138,23.479846,"2238909257",108,55,338,3634,183,19,164,152,74,152,56,3550,631,72,69,1761,220,1761,280
"26",121.284284,24.15221,"2238937280",67,52,314,3836,148,-16,164,107,16,117,15,2548,363,84,44,1047,282,886,377
"27",121.083447,24.501786,"2265784974",102,44,264,4237,184,17,167,139,66,157,43,2691,376,97,41,1095,311,944,488
"28",120.880495,23.47158,"2265797821",91,55,345,3531,164,4,161,134,58,134,41,3511,640,72,72,1797,218,1797,270
"29",120.854191,23.474501,"2265837975",107,55,339,3621,182,18,163,151,73,151,56,3426,660,66,77,1838,200,1838,251
"30",121.273263,24.177132,"2269211048",67,51,312,3859,149,-16,165,107,16,117,15,2435,347,79,46,968,265,896,355
"31",121.041229,23.489967,"2311373243",68,54,349,3384,141,-14,154,110,37,110,21,2870,525,62,71,1462,197,1462,220
"32",121.521028,25.191317,"2397552823",177,28,170,4774,258,92,166,203,152,240,110,3791,457,230,21,1325,758,899,868
"33",120.893903,23.475828,"2429203338",94,55,343,3556,169,7,161,138,61,138,44,3411,616,72,71,1723,219,1723,270
"34",120.849417,23.47221,"2429209390",114,55,337,3654,189,24,165,158,80,158,62,3419,654,65,76,1819,197,1819,250
"35",120.880602,23.471585,"2456496596",91,55,345,3531,164,4,161,134,58,134,41,3511,640,72,72,1797,218,1797,270
"36",121.008544,24.256173,"2456497390",115,50,288,4211,199,25,174,152,78,168,56,2247,468,41,79,1225,129,1201,234
"37",120.854191,23.474501,"2456498840",107,55,339,3621,182,18,163,151,73,151,56,3426,660,66,77,1838,200,1838,251
"38",120.916283,23.470822,"2242863866",87,55,346,3507,161,1,160,131,55,131,38,3155,619,60,78,1719,183,1719,222
"39",120.926292,23.467927,"2251983860",63,55,355,3374,135,-20,155,105,32,105,16,3082,590,63,75,1642,193,1642,233
"40",120.943603,23.465184,"2252011619",57,55,357,3335,128,-26,154,98,26,98,11,3050,578,60,74,1606,186,1606,222
"41",120.939839,23.468,"2252012596",59,55,356,3353,131,-24,155,100,28,100,12,2989,567,63,74,1573,193,1573,231
"42",120.954684,23.465218,"2252012768",41,55,363,3252,112,-39,151,82,12,82,-3,3300,594,69,70,1656,215,1656,335
"43",120.954316,23.463814,"2252013231",41,55,363,3252,112,-39,151,82,12,82,-3,3300,594,69,70,1656,215,1656,335
"44",120.954853,23.465916,"2252013266",41,55,363,3252,112,-39,151,82,12,82,-3,3300,594,69,70,1656,215,1656,335
"45",120.95466,23.46661,"2252013497",44,55,361,3272,115,-37,152,85,15,85,-1,3205,575,69,69,1597,214,1597,332
"46",120.954433,23.463936,"2252026791",41,55,363,3252,112,-39,151,82,12,82,-3,3300,594,69,70,1656,215,1656,335
"47",120.952456,23.466528,"2252027665",44,55,361,3272,115,-37,152,85,15,85,-1,3205,575,69,69,1597,214,1597,332
"48",120.954155,23.46354,"2252027890",41,55,363,3252,112,-39,151,82,12,82,-3,3300,594,69,70,1656,215,1656,335
"49",121.114251,24.490696,"2265798803",105,45,266,4254,188,19,169,142,69,160,46,2699,396,96,43,1119,311,987,472
"50",121.23635,24.388047,"2422999542",33,48,307,3744,112,-45,157,67,-15,82,-18,2683,368,98,41,1044,318,970,436
"51",121.030664,24.283809,"2429206825",88,49,293,4063,170,2,168,124,53,140,32,2184,429,48,71,1134,150,1086,263
"52",120.931712,23.465123,"2429206852",87,55,346,3497,161,1,159,130,55,130,38,2879,573,54,79,1586,166,1586,200
"53",120.920169,23.471283,"2429207633",83,55,347,3485,156,-2,159,126,51,126,34,3125,606,61,77,1687,187,1687,227
"54",120.932503,23.466225,"2456497965",87,55,346,3497,161,1,159,130,55,130,38,2879,573,54,79,1586,166,1586,200
"55",120.932502,23.466224,"2573820901",87,55,346,3497,161,1,159,130,55,130,38,2879,573,54,79,1586,166,1586,200
"56",120.931875,23.465263,"2573823901",87,55,346,3497,161,1,159,130,55,130,38,2879,573,54,79,1586,166,1586,200
"57",121.326888,24.114117,"2265850159",51,51,321,3694,131,-29,160,90,2,99,1,2537,355,81,46,1044,271,929,353
"58",121.022635,24.27677,"2283152052",100,49,290,4138,183,12,171,137,64,153,43,2135,426,43,74,1128,135,1078,243
"59",121.272031,24.38875,"2350337483",66,48,294,3953,148,-16,164,108,14,118,12,2732,354,103,40,1034,329,967,439
"60",121.23,24.383333,"2350349301",30,48,308,3730,109,-48,156,64,-18,79,-20,2585,365,93,42,1026,303,956,415
"61",121.290558,24.134731,"2331857149",63,52,316,3803,144,-19,164,103,13,113,12,2667,369,83,47,1083,279,989,374
"62",121.268799,24.143406,"2331931093",59,52,318,3784,139,-24,163,93,8,108,7,2561,372,77,49,1034,259,993,349
"63",120.96207,23.470617,"2423145997",40,55,363,3247,111,-40,151,81,11,81,-5,3359,582,74,66,1625,231,1625,359
"64",121.427597,24.383297,"2444968851",57,47,296,3840,137,-22,159,77,7,107,5,2636,371,132,35,1039,408,708,482
"65",121.442983,24.361833,"2445125878",39,47,304,3705,118,-37,155,78,-8,88,-11,2851,393,131,36,1100,405,869,481
"66",121.276669,24.053773,"2456585722",62,52,322,3743,142,-21,163,96,12,110,11,2531,395,67,55,1086,227,1058,304
"67",121.279677,24.061542,"2456587025",61,52,322,3741,141,-22,163,95,11,109,10,2472,369,72,51,1014,246,979,325
"68",121.28952,24.43089,"2596063947",62,47,292,3933,143,-19,162,103,10,113,8,2716,340,111,37,1017,351,929,456
"69",121.511543,25.114573,"1946191927",222,30,169,5073,309,131,178,276,154,289,151,2368,275,135,25,799,414,699,469
"70",121.285275,24.141483,"1880648773",63,52,316,3803,144,-19,164,103,13,113,12,2667,369,83,47,1083,279,989,374
"71",121.281389,24.181389,"1850903882",55,51,317,3777,135,-27,162,94,5,104,4,2541,355,82,46,1016,274,933,366
"72",121.323762,24.175345,"1880596179",102,51,298,4061,186,15,171,144,47,154,46,2112,295,59,50,874,195,792,264
"73",121.271074,24.133207,"1946191046",60,52,318,3785,140,-23,163,94,9,108,8,2550,382,73,51,1054,245,1025,334
"74",121.282674,24.18202,"1986604515",55,51,317,3777,135,-27,162,94,5,104,4,2541,355,82,46,1016,274,933,366
"75",121.281487,24.13641,"2294605032",57,52,319,3769,138,-25,163,96,7,106,6,2654,379,80,48,1072,268,1020,362
"76",121.282242,24.136879,"2294606583",57,52,319,3769,138,-25,163,96,7,106,6,2654,379,80,48,1072,268,1020,362
"77",121.281418,24.135975,"2294607189",57,52,319,3769,138,-25,163,96,7,106,6,2654,379,80,48,1072,268,1020,362
"78",121.280984,24.135364,"2465343928",57,52,319,3769,138,-25,163,96,7,106,6,2654,379,80,48,1072,268,1020,362
"79",121.281538,24.136413,"1850965046",57,52,319,3769,138,-25,163,96,7,106,6,2654,379,80,48,1072,268,1020,362
"80",120.954081,23.463627,"1880656516",41,55,363,3252,112,-39,151,82,12,82,-3,3300,594,69,70,1656,215,1656,335
"81",120.954772,23.465825,"1880656595",41,55,363,3252,112,-39,151,82,12,82,-3,3300,594,69,70,1656,215,1656,335
"82",120.957147,23.470044,"1883474452",44,55,361,3272,115,-37,152,85,15,85,-1,3205,575,69,69,1597,214,1597,332
"83",120.955971,23.469262,"1883474674",44,55,361,3272,115,-37,152,85,15,85,-1,3205,575,69,69,1597,214,1597,332
"84",120.952872,23.466707,"1883485392",44,55,361,3272,115,-37,152,85,15,85,-1,3205,575,69,69,1597,214,1597,332
"85",120.954362,23.467417,"1883485404",44,55,361,3272,115,-37,152,85,15,85,-1,3205,575,69,69,1597,214,1597,332
"86",121.281592,24.136525,"1949979396",57,52,319,3769,138,-25,163,96,7,106,6,2654,379,80,48,1072,268,1020,362
"87",121.281604,24.136537,"1949979489",57,52,319,3769,138,-25,163,96,7,106,6,2654,379,80,48,1072,268,1020,362
"88",121.06481,23.522235,"2242804755",49,54,355,3304,121,-31,152,91,19,91,4,3017,510,71,63,1416,230,1416,325
"89",120.918655,23.470895,"1901067782",83,55,347,3485,156,-2,159,126,51,126,34,3125,606,61,77,1687,187,1687,227
"90",120.910842,23.47148,"1946199057",87,55,346,3507,161,1,160,131,55,131,38,3155,619,60,78,1719,183,1719,222
"91",120.892143,23.479202,"2456494740",94,55,343,3556,169,7,161,138,61,138,44,3411,616,72,71,1723,219,1723,270
"92",121.279488,24.135953,"1839278919",57,52,319,3769,138,-25,163,96,7,106,6,2654,379,80,48,1072,268,1020,362
"93",121.612355,24.508744,"1839275521",125,42,253,4224,208,42,167,146,106,181,67,4072,593,205,37,1748,615,988,777
"94",121.329575,24.199961,"2603556401",95,51,298,4028,178,9,169,131,40,147,39,2073,308,62,50,852,204,800,269
"95",121.323245,24.08599,"1847526915",54,52,322,3697,133,-27,160,92,5,101,3,2520,364,72,51,1038,240,992,318
"96",121.230246,24.382864,"2445075280",46,48,303,3829,126,-34,160,81,-3,96,-6,2456,363,82,46,1014,266,959,368
"97",120.972807,23.584558,"2596210222",96,56,339,3640,172,8,164,141,62,141,45,3208,532,74,63,1478,228,1478,272
"98",120.972807,23.584558,"2596296199",96,56,339,3640,172,8,164,141,62,141,45,3208,532,74,63,1478,228,1478,272
"99",121.283126,24.181161,"2574081731",55,51,317,3777,135,-27,162,94,5,104,4,2541,355,82,46,1016,274,933,366
"100",121.281307,24.135721,"1883467253",57,52,319,3769,138,-25,163,96,7,106,6,2654,379,80,48,1072,268,1020,362
"101",121.296891,24.431919,"2597849990",66,47,291,3962,148,-15,163,108,14,118,12,2753,350,112,37,1030,352,945,456
"102",121.281678,24.136325,"1986530152",57,52,319,3769,138,-25,163,96,7,106,6,2654,379,80,48,1072,268,1020,362
"103",121.283667,24.14596,"1901049479",67,52,314,3831,148,-16,164,107,16,117,15,2617,365,84,45,1068,282,939,377
"104",121.222125,24.385207,"2579372214",44,48,303,3814,123,-36,159,78,-6,93,-8,2411,350,87,43,970,285,912,389
"105",121.41,24.31,"1085970997",53,48,304,3790,133,-26,159,93,4,103,2,2637,362,108,39,1036,340,867,414
"106",121,24,"203614552",172,55,294,4413,260,73,186,212,131,227,109,2483,540,37,86,1407,116,1392,135
"107",120.95,23.46,"1085968807",41,55,363,3252,112,-39,151,82,12,82,-3,3300,594,69,70,1656,215,1656,335
"108",-122.31139,47.3225,"441824865",113,88,364,5378,259,18,241,52,193,193,43,1248,194,25,56,576,87,87,559
"109",121.278889,24.135833,"1306595116",57,52,319,3769,138,-25,163,96,7,106,6,2654,379,80,48,1072,268,1020,362
"110",121.22,24.05,"1085982026",109,53,307,4047,193,19,173,145,53,160,53,2384,445,56,66,1148,194,1148,263
"111",120.8,23.09,"1085964252",112,50,336,3320,178,29,149,152,80,152,64,2933,613,47,83,1720,155,1720,171
"112",120.81,23.09,"1085964609",111,50,336,3316,178,29,149,152,80,152,64,2938,600,50,81,1682,164,1682,180
"113",120.8,23.09,"1085965225",112,50,336,3320,178,29,149,152,80,152,64,2933,613,47,83,1720,155,1720,171
"114",120,23,"203614558",NA,NA,NA,NA,NA,NA,NA,NA,NA,NA,NA,NA,NA,NA,NA,NA,NA,NA,NA
"115",120,23,"203614559",NA,NA,NA,NA,NA,NA,NA,NA,NA,NA,NA,NA,NA,NA,NA,NA,NA,NA,NA
"116",120,23,"203614560",NA,NA,NA,NA,NA,NA,NA,NA,NA,NA,NA,NA,NA,NA,NA,NA,NA,NA,NA
"117",121.309444,24.184167,"622292611",90,51,302,3993,173,4,169,131,36,141,35,2198,304,64,49,908,214,828,289
"118",120,23,"203614553",NA,NA,NA,NA,NA,NA,NA,NA,NA,NA,NA,NA,NA,NA,NA,NA,NA,NA,NA
"119",121.45,24.36,"1085984205",43,47,302,3724,121,-35,156,62,-6,91,-8,2869,401,135,36,1117,417,850,491
"120",121.22,24.38,"1085983742",53,48,300,3874,133,-28,161,88,3,104,0,2332,358,76,49,989,248,946,342
"121",121,24,"203614557",172,55,294,4413,260,73,186,212,131,227,109,2483,540,37,86,1407,116,1392,135
"122",120,23,"203614561",NA,NA,NA,NA,NA,NA,NA,NA,NA,NA,NA,NA,NA,NA,NA,NA,NA,NA,NA
"123",120.819921,23.088091,"622292640",108,50,337,3301,175,27,148,149,77,149,61,2913,581,51,78,1626,169,1626,185
"124",121.847222,25.095833,"891589792",201,27,164,4680,280,117,163,226,178,263,136,3694,466,198,28,1383,654,760,882
"125",121,24,"203614562",172,55,294,4413,260,73,186,212,131,227,109,2483,540,37,86,1407,116,1392,135
"126",121.4092,24.382201,"622292613",72,47,291,3940,154,-9,163,113,20,124,19,2308,298,109,36,845,341,707,404
"127",121.447463,24.411554,"622292614",88,47,282,4039,170,5,165,108,34,141,33,2811,428,154,37,1196,468,652,547
"128",121.436389,24.399668,"622292615",62,47,293,3870,143,-17,160,82,12,113,10,2719,404,142,36,1124,434,667,512
"129",121.4092,24.382201,"622292616",72,47,291,3940,154,-9,163,113,20,124,19,2308,298,109,36,845,341,707,404
"130",121.4092,24.382201,"622292617",72,47,291,3940,154,-9,163,113,20,124,19,2308,298,109,36,845,341,707,404
"131",121.04,23.49,"1085999801",68,54,349,3384,141,-14,154,110,37,110,21,2870,525,62,71,1462,197,1462,220
"132",121.175509,24.033443,"622292624",165,54,291,4386,253,68,185,204,124,220,103,1994,361,46,63,963,159,905,160
"133",120.762263,23.050004,"622292612",170,49,316,3566,239,83,156,212,136,212,117,2712,602,35,90,1683,116,1683,127
"134",120.797714,23.549405,"622292625",119,56,332,3749,195,28,167,165,84,165,65,3442,643,59,74,1783,187,1783,244
"135",120.797714,23.549405,"622292626",119,56,332,3749,195,28,167,165,84,165,65,3442,643,59,74,1783,187,1783,244
"136",120.749137,23.082015,"622292632",184,50,312,3659,254,95,159,228,149,228,130,2231,494,35,84,1335,113,1335,129
"137",120.748889,23.081667,"622292633",184,50,312,3659,254,95,159,228,149,228,130,2231,494,35,84,1335,113,1335,129
"138",121.264514,24.135032,"622292620",80,52,310,3915,163,-5,167,116,28,131,27,2349,382,62,56,1027,208,1019,285
"139",121.376195,24.178201,"622292622",96,50,298,3996,179,10,168,137,42,147,41,2714,403,98,42,1130,322,893,410
"140",120.795891,23.088774,"622292634",129,50,331,3401,196,45,152,170,96,170,80,2887,625,43,87,1751,141,1751,157
"141",120.85,23.22,"1086010153",150,52,326,3616,222,62,161,194,116,194,98,2703,579,46,83,1582,146,1582,168
"142",120,23,"203614590",NA,NA,NA,NA,NA,NA,NA,NA,NA,NA,NA,NA,NA,NA,NA,NA,NA,NA,NA
"143",121.285804,24.134126,"622292628",63,52,316,3803,144,-19,164,103,13,113,12,2667,369,83,47,1083,279,989,374
"144",121.285877,24.166785,"622292629",65,51,313,3836,147,-17,164,105,14,115,13,2570,355,83,45,1045,277,927,371
"145",121.285877,24.166785,"622292630",65,51,313,3836,147,-17,164,105,14,115,13,2570,355,83,45,1045,277,927,371
"146",121.285877,24.166785,"622292631",65,51,313,3836,147,-17,164,105,14,115,13,2570,355,83,45,1045,277,927,371
"147",120.903729,23.503579,"622292627",126,56,332,3743,203,35,167,172,91,172,72,2928,467,72,60,1298,219,1298,268
"148",120.949155,23.471851,"622292621",63,55,355,3369,135,-20,155,105,32,105,16,2973,555,62,72,1537,192,1537,228
"149",121.224229,24.385278,"622292623",44,48,303,3814,123,-36,159,78,-6,93,-8,2411,350,87,43,970,285,912,389
"150",121.622334,24.976827,"622292639",207,33,186,4889,294,118,176,233,269,272,139,3513,458,180,29,1373,612,698,835
"151",121.234661,24.123243,"622292635",89,52,309,3965,172,2,170,125,35,140,34,2191,404,51,65,1051,173,1048,239
"152",121.234661,24.123243,"622292636",89,52,309,3965,172,2,170,125,35,140,34,2191,404,51,65,1051,173,1048,239
"153",121.538678,25.157814,"622292637",202,29,168,4927,286,114,172,254,137,267,133,2920,358,164,27,965,505,906,566
"154",121.538611,25.157778,"622292638",202,29,168,4927,286,114,172,254,137,267,133,2920,358,164,27,965,505,906,566
"155",121.237728,24.047174,"622292619",111,53,306,4053,196,22,173,148,56,163,55,2292,427,53,66,1109,181,1100,244
"156",121.37,24.43,"1086010815",158,47,259,4544,248,66,182,181,96,217,95,2664,368,146,30,1028,456,678,555
"157",121,24,"203614592",172,55,294,4413,260,73,186,212,131,227,109,2483,540,37,86,1407,116,1392,135
"158",121.224444,24.378611,"891595206",53,48,300,3874,133,-28,161,88,3,104,0,2332,358,76,49,989,248,946,342
"159",121.224444,24.378611,"891595214",53,48,300,3874,133,-28,161,88,3,104,0,2332,358,76,49,989,248,946,342
"160",120.96,23.61,"1086028814",108,56,335,3731,186,19,167,142,73,154,55,3009,503,68,64,1402,209,1388,252
"161",0,0,"203614594",NA,NA,NA,NA,NA,NA,NA,NA,NA,NA,NA,NA,NA,NA,NA,NA,NA,NA,NA
"162",0,0,"203614595",NA,NA,NA,NA,NA,NA,NA,NA,NA,NA,NA,NA,NA,NA,NA,NA,NA,NA,NA
"163",0,0,"203614596",NA,NA,NA,NA,NA,NA,NA,NA,NA,NA,NA,NA,NA,NA,NA,NA,NA,NA,NA
"164",121.644524,24.231386,"622292618",144,43,260,4164,226,59,167,164,101,198,86,3110,452,134,41,1334,438,905,495
"165",121.26,24.4,"1086029588",69,48,292,3978,151,-13,164,111,17,121,15,2525,326,99,37,971,317,868,423
"166",120.933333,23.45,"574659513",78,55,349,3438,150,-7,157,120,46,120,30,2866,567,52,79,1573,161,1573,192
"167",120.962222,23.471944,"574682388",40,55,363,3247,111,-40,151,81,11,81,-5,3359,582,74,66,1625,231,1625,359
"168",120.933333,23.45,"574696972",78,55,349,3438,150,-7,157,120,46,120,30,2866,567,52,79,1573,161,1573,192
"169",120.933333,23.45,"574759418",78,55,349,3438,150,-7,157,120,46,120,30,2866,567,52,79,1573,161,1573,192
"170",120.933333,23.45,"574812454",78,55,349,3438,150,-7,157,120,46,120,30,2866,567,52,79,1573,161,1573,192
"171",120.933333,23.45,"574818646",78,55,349,3438,150,-7,157,120,46,120,30,2866,567,52,79,1573,161,1573,192
"172",121.261944,24.134167,"891597589",80,52,310,3915,163,-5,167,116,28,131,27,2349,382,62,56,1027,208,1019,285
"173",121.450833,24.362778,"891599655",43,47,302,3724,121,-35,156,62,-6,91,-8,2869,401,135,36,1117,417,850,491
"174",120.949444,23.471944,"891601497",63,55,355,3369,135,-20,155,105,32,105,16,2973,555,62,72,1537,192,1537,228
"175",121,24,"203614589",172,55,294,4413,260,73,186,212,131,227,109,2483,540,37,86,1407,116,1392,135
"176",121.217778,24.376389,"891602596",53,48,300,3874,133,-28,161,88,3,104,0,2332,358,76,49,989,248,946,342
"177",121.217778,24.376389,"891602621",53,48,300,3874,133,-28,161,88,3,104,0,2332,358,76,49,989,248,946,342
"178",121.435556,24.356944,"891607798",46,47,302,3752,125,-32,157,86,-2,96,-4,2622,350,113,38,1010,349,864,416
"179",121,24,"203614577",172,55,294,4413,260,73,186,212,131,227,109,2483,540,37,86,1407,116,1392,135
"180",120,23,"203614571",NA,NA,NA,NA,NA,NA,NA,NA,NA,NA,NA,NA,NA,NA,NA,NA,NA,NA,NA
"181",120,23,"203614572",NA,NA,NA,NA,NA,NA,NA,NA,NA,NA,NA,NA,NA,NA,NA,NA,NA,NA,NA
"182",120,23,"203614570",NA,NA,NA,NA,NA,NA,NA,NA,NA,NA,NA,NA,NA,NA,NA,NA,NA,NA,NA
"183",120,23,"203614573",NA,NA,NA,NA,NA,NA,NA,NA,NA,NA,NA,NA,NA,NA,NA,NA,NA,NA,NA
"184",120,24,"203614574",NA,NA,NA,NA,NA,NA,NA,NA,NA,NA,NA,NA,NA,NA,NA,NA,NA,NA,NA
"185",120,23,"203614575",NA,NA,NA,NA,NA,NA,NA,NA,NA,NA,NA,NA,NA,NA,NA,NA,NA,NA,NA
"186",120,23,"203614580",NA,NA,NA,NA,NA,NA,NA,NA,NA,NA,NA,NA,NA,NA,NA,NA,NA,NA,NA
"187",120,23,"203614581",NA,NA,NA,NA,NA,NA,NA,NA,NA,NA,NA,NA,NA,NA,NA,NA,NA,NA,NA
"188",120,23,"203614582",NA,NA,NA,NA,NA,NA,NA,NA,NA,NA,NA,NA,NA,NA,NA,NA,NA,NA,NA
"189",121,24,"203614576",172,55,294,4413,260,73,186,212,131,227,109,2483,540,37,86,1407,116,1392,135
"190",121,24,"203614578",172,55,294,4413,260,73,186,212,131,227,109,2483,540,37,86,1407,116,1392,135
"191",121,24,"203614579",172,55,294,4413,260,73,186,212,131,227,109,2483,540,37,86,1407,116,1392,135
"192",121.023333,23.503056,"891621564",106,54,336,3608,181,19,162,150,72,150,55,2352,388,59,62,1086,187,1086,213
"193",120.937778,23.4675,"891621554",59,55,356,3353,131,-24,155,100,28,100,12,2989,567,63,74,1573,193,1573,231
"194",121.216944,24.379167,"891617493",53,48,300,3874,133,-28,161,88,3,104,0,2332,358,76,49,989,248,946,342
"195",121.443333,24.361667,"891614659",39,47,304,3705,118,-37,155,78,-8,88,-11,2851,393,131,36,1100,405,869,481
"196",121.261944,24.134167,"891623341",80,52,310,3915,163,-5,167,116,28,131,27,2349,382,62,56,1027,208,1019,285
"197",121.443333,24.361667,"891623379",39,47,304,3705,118,-37,155,78,-8,88,-11,2851,393,131,36,1100,405,869,481
"198",121.443333,24.361667,"891627549",39,47,304,3705,118,-37,155,78,-8,88,-11,2851,393,131,36,1100,405,869,481
"199",121.244167,24.384167,"891628463",43,48,303,3809,123,-36,159,77,-6,93,-8,2670,353,100,40,1011,322,950,437
"200",121.224444,24.378611,"891623320",53,48,300,3874,133,-28,161,88,3,104,0,2332,358,76,49,989,248,946,342
"201",121.215278,24.467222,"891637106",85,46,278,4113,167,1,166,121,31,138,28,2296,304,99,34,849,319,740,432
"202",121.215278,24.467222,"891637117",85,46,278,4113,167,1,166,121,31,138,28,2296,304,99,34,849,319,740,432
"203",121.215278,24.467222,"891637124",85,46,278,4113,167,1,166,121,31,138,28,2296,304,99,34,849,319,740,432
"204",121.215278,24.467222,"891637219",85,46,278,4113,167,1,166,121,31,138,28,2296,304,99,34,849,319,740,432
"205",121.215278,24.467222,"891637226",85,46,278,4113,167,1,166,121,31,138,28,2296,304,99,34,849,319,740,432
"206",121.384444,24.381667,"891616951",105,48,280,4160,190,20,170,126,86,159,48,2345,308,125,32,900,382,650,464
"207",121.384444,24.381667,"891617021",105,48,280,4160,190,20,170,126,86,159,48,2345,308,125,32,900,382,650,464
"208",121.384444,24.381667,"891617032",105,48,280,4160,190,20,170,126,86,159,48,2345,308,125,32,900,382,650,464
"209",121.384444,24.381667,"891617042",105,48,280,4160,190,20,170,126,86,159,48,2345,308,125,32,900,382,650,464
"210",121.384444,24.381667,"891617044",105,48,280,4160,190,20,170,126,86,159,48,2345,308,125,32,900,382,650,464
"211",121.385,24.379722,"891633937",105,48,280,4160,190,20,170,126,86,159,48,2345,308,125,32,900,382,650,464
"212",121.385,24.379722,"891633954",105,48,280,4160,190,20,170,126,86,159,48,2345,308,125,32,900,382,650,464
"213",121.385,24.379722,"891633964",105,48,280,4160,190,20,170,126,86,159,48,2345,308,125,32,900,382,650,464
"214",121.385,24.379722,"891633977",105,48,280,4160,190,20,170,126,86,159,48,2345,308,125,32,900,382,650,464
"215",121.250833,24.463056,"891634699",55,47,291,3908,135,-25,160,96,4,106,1,2608,328,111,34,960,351,832,466
"216",121.250833,24.463056,"891634721",55,47,291,3908,135,-25,160,96,4,106,1,2608,328,111,34,960,351,832,466
"217",121.250833,24.463056,"891637526",55,47,291,3908,135,-25,160,96,4,106,1,2608,328,111,34,960,351,832,466
"218",121.250833,24.463056,"891637544",55,47,291,3908,135,-25,160,96,4,106,1,2608,328,111,34,960,351,832,466
"219",121.250833,24.463056,"891629150",55,47,291,3908,135,-25,160,96,4,106,1,2608,328,111,34,960,351,832,466
"220",121.250833,24.463056,"891629590",55,47,291,3908,135,-25,160,96,4,106,1,2608,328,111,34,960,351,832,466
"221",121.250833,24.463056,"891633547",55,47,291,3908,135,-25,160,96,4,106,1,2608,328,111,34,960,351,832,466
"222",121.250833,24.463056,"891634771",55,47,291,3908,135,-25,160,96,4,106,1,2608,328,111,34,960,351,832,466
"223",121.250833,24.463056,"891634779",55,47,291,3908,135,-25,160,96,4,106,1,2608,328,111,34,960,351,832,466
"224",121.250833,24.463056,"891637216",55,47,291,3908,135,-25,160,96,4,106,1,2608,328,111,34,960,351,832,466
"225",121.443333,24.361667,"891630154",39,47,304,3705,118,-37,155,78,-8,88,-11,2851,393,131,36,1100,405,869,481
"226",121.443333,24.361667,"891630158",39,47,304,3705,118,-37,155,78,-8,88,-11,2851,393,131,36,1100,405,869,481
"227",121.443333,24.361667,"891630173",39,47,304,3705,118,-37,155,78,-8,88,-11,2851,393,131,36,1100,405,869,481
"228",121.2775,24.134167,"891631393",57,52,319,3769,138,-25,163,96,7,106,6,2654,379,80,48,1072,268,1020,362
"229",121.261944,24.134167,"891629781",80,52,310,3915,163,-5,167,116,28,131,27,2349,382,62,56,1027,208,1019,285
"230",121.261944,24.134167,"891629787",80,52,310,3915,163,-5,167,116,28,131,27,2349,382,62,56,1027,208,1019,285
"231",121.290556,24.166667,"891598729",65,51,313,3836,147,-17,164,105,14,115,13,2570,355,83,45,1045,277,927,371
"232",121.265833,24.1375,"891598741",80,52,310,3915,163,-5,167,116,28,131,27,2349,382,62,56,1027,208,1019,285
"233",121.265833,24.1375,"891598745",80,52,310,3915,163,-5,167,116,28,131,27,2349,382,62,56,1027,208,1019,285
"234",121.290556,24.166667,"891598748",65,51,313,3836,147,-17,164,105,14,115,13,2570,355,83,45,1045,277,927,371
"235",121.265833,24.1375,"891598751",80,52,310,3915,163,-5,167,116,28,131,27,2349,382,62,56,1027,208,1019,285
"236",121.24,24.115556,"891598755",103,52,304,4047,187,15,172,140,48,155,47,2239,425,50,68,1104,170,1088,234
"237",121.265833,24.1375,"891598761",80,52,310,3915,163,-5,167,116,28,131,27,2349,382,62,56,1027,208,1019,285
"238",121.265833,24.1375,"891598767",80,52,310,3915,163,-5,167,116,28,131,27,2349,382,62,56,1027,208,1019,285
"239",121.265833,24.1375,"891598772",80,52,310,3915,163,-5,167,116,28,131,27,2349,382,62,56,1027,208,1019,285
"240",121.283333,24.151111,"891598775",67,52,314,3836,148,-16,164,107,16,117,15,2548,363,84,44,1047,282,886,377
"241",121.24,24.115556,"891598784",103,52,304,4047,187,15,172,140,48,155,47,2239,425,50,68,1104,170,1088,234
"242",121.265833,24.1375,"891627775",80,52,310,3915,163,-5,167,116,28,131,27,2349,382,62,56,1027,208,1019,285
"243",121.265833,24.1375,"891627810",80,52,310,3915,163,-5,167,116,28,131,27,2349,382,62,56,1027,208,1019,285
"244",121.265833,24.1375,"891629778",80,52,310,3915,163,-5,167,116,28,131,27,2349,382,62,56,1027,208,1019,285
"245",121.265833,24.1375,"891629793",80,52,310,3915,163,-5,167,116,28,131,27,2349,382,62,56,1027,208,1019,285
"246",121.265833,24.1375,"891629850",80,52,310,3915,163,-5,167,116,28,131,27,2349,382,62,56,1027,208,1019,285
"247",121.290556,24.166667,"891634624",65,51,313,3836,147,-17,164,105,14,115,13,2570,355,83,45,1045,277,927,371
"248",121.290556,24.166667,"891634637",65,51,313,3836,147,-17,164,105,14,115,13,2570,355,83,45,1045,277,927,371
"249",121.285278,24.161667,"891604106",72,51,311,3871,153,-12,165,112,20,121,19,2522,359,83,44,1036,277,876,373
"250",121.285278,24.161667,"891645426",72,51,311,3871,153,-12,165,112,20,121,19,2522,359,83,44,1036,277,876,373
"251",120.937778,23.4675,"891598722",59,55,356,3353,131,-24,155,100,28,100,12,2989,567,63,74,1573,193,1573,231
"252",120.919722,23.460833,"891598725",111,55,337,3623,186,23,163,156,77,156,60,2856,576,51,81,1592,157,1592,189
"253",120.937778,23.4675,"891598752",59,55,356,3353,131,-24,155,100,28,100,12,2989,567,63,74,1573,193,1573,231
"254",120.919722,23.460833,"891618446",111,55,337,3623,186,23,163,156,77,156,60,2856,576,51,81,1592,157,1592,189
"255",120.919722,23.460833,"891618476",111,55,337,3623,186,23,163,156,77,156,60,2856,576,51,81,1592,157,1592,189
"256",121.413333,24.378611,"891602530",72,47,291,3940,154,-9,163,113,20,124,19,2308,298,109,36,845,341,707,404
"257",121.413333,24.378611,"891602537",72,47,291,3940,154,-9,163,113,20,124,19,2308,298,109,36,845,341,707,404
"258",121.443333,24.361667,"891645794",39,47,304,3705,118,-37,155,78,-8,88,-11,2851,393,131,36,1100,405,869,481
"259",121.411389,24.379167,"891645821",72,47,291,3940,154,-9,163,113,20,124,19,2308,298,109,36,845,341,707,404
"260",120.937778,23.4675,"891636903",59,55,356,3353,131,-24,155,100,28,100,12,2989,567,63,74,1573,193,1573,231
"261",121.413333,24.378611,"891598763",72,47,291,3940,154,-9,163,113,20,124,19,2308,298,109,36,845,341,707,404
"262",121.300556,24.175278,"891598743",88,51,303,3973,170,2,168,129,34,139,33,2382,341,73,46,996,245,865,330
"263",121.261944,24.134167,"891654752",80,52,310,3915,163,-5,167,116,28,131,27,2349,382,62,56,1027,208,1019,285
"264",120.960556,23.468333,"891598764",40,55,363,3247,111,-40,151,81,11,81,-5,3359,582,74,66,1625,231,1625,359
"265",120.960556,23.468333,"891634047",40,55,363,3247,111,-40,151,81,11,81,-5,3359,582,74,66,1625,231,1625,359
"266",120.960556,23.468333,"891634078",40,55,363,3247,111,-40,151,81,11,81,-5,3359,582,74,66,1625,231,1625,359
"267",120.960556,23.468333,"891648258",40,55,363,3247,111,-40,151,81,11,81,-5,3359,582,74,66,1625,231,1625,359
"268",120.960556,23.468333,"891648263",40,55,363,3247,111,-40,151,81,11,81,-5,3359,582,74,66,1625,231,1625,359
"269",121.261944,24.134167,"891654541",80,52,310,3915,163,-5,167,116,28,131,27,2349,382,62,56,1027,208,1019,285
"270",121.443333,24.361667,"891649788",39,47,304,3705,118,-37,155,78,-8,88,-11,2851,393,131,36,1100,405,869,481
"271",120.905556,23.468611,"891598717",105,55,340,3602,180,17,163,149,71,149,54,3198,630,59,79,1749,180,1749,221
"272",120.937778,23.4675,"891664951",59,55,356,3353,131,-24,155,100,28,100,12,2989,567,63,74,1573,193,1573,231
"273",121.411389,24.379167,"891616736",72,47,291,3940,154,-9,163,113,20,124,19,2308,298,109,36,845,341,707,404
"274",121.443333,24.361667,"891665023",39,47,304,3705,118,-37,155,78,-8,88,-11,2851,393,131,36,1100,405,869,481
"275",121.485,24.471389,"891665115",111,45,267,4198,195,26,169,132,92,166,53,3332,471,183,34,1365,559,877,629
"276",121.443333,24.361667,"891664980",39,47,304,3705,118,-37,155,78,-8,88,-11,2851,393,131,36,1100,405,869,481
"277",120.960556,23.468333,"891663679",40,55,363,3247,111,-40,151,81,11,81,-5,3359,582,74,66,1625,231,1625,359
"278",121.244167,24.384167,"891664990",43,48,303,3809,123,-36,159,77,-6,93,-8,2670,353,100,40,1011,322,950,437
"279",120.907778,23.231111,"891617810",65,52,354,3195,133,-14,147,105,36,105,21,3049,571,64,71,1589,204,1589,230
"280",121.223889,24.461389,"891664975",65,47,286,3982,146,-16,162,101,13,117,11,2445,342,97,38,951,313,850,426
"281",121.009167,23.459444,"891589981",100,54,339,3542,174,14,160,144,67,144,50,2438,456,47,75,1279,149,1279,169
"282",120.960556,23.468333,"891664972",40,55,363,3247,111,-40,151,81,11,81,-5,3359,582,74,66,1625,231,1625,359
"283",121.249722,24.4525,"891665025",67,47,287,3985,148,-15,163,102,15,119,13,2330,316,94,37,888,300,783,401
"284",121.216944,24.379167,"891664936",53,48,300,3874,133,-28,161,88,3,104,0,2332,358,76,49,989,248,946,342
"285",121.250833,24.463056,"891664950",55,47,291,3908,135,-25,160,96,4,106,1,2608,328,111,34,960,351,832,466
"286",121.252778,24.4575,"891664952",55,47,292,3907,135,-25,160,96,4,106,1,2528,316,105,35,933,333,830,444
"287",121.250833,24.463056,"891664969",55,47,291,3908,135,-25,160,96,4,106,1,2608,328,111,34,960,351,832,466
"288",121.216944,24.379167,"891664974",53,48,300,3874,133,-28,161,88,3,104,0,2332,358,76,49,989,248,946,342
"289",121.251389,24.450556,"891664933",55,47,292,3907,135,-25,160,96,4,106,1,2528,316,105,35,933,333,830,444
"290",121.251389,24.450556,"891664965",55,47,292,3907,135,-25,160,96,4,106,1,2528,316,105,35,933,333,830,444
"291",121.411389,24.379167,"891664966",72,47,291,3940,154,-9,163,113,20,124,19,2308,298,109,36,845,341,707,404
"292",121.268333,24.009444,"891664958",79,53,318,3819,160,-6,166,118,27,128,27,2422,353,67,50,1033,227,895,310
"293",121.2775,24.055833,"891664962",62,52,322,3743,142,-21,163,96,12,110,11,2531,395,67,55,1086,227,1058,304
"294",121.224444,24.378611,"891664983",53,48,300,3874,133,-28,161,88,3,104,0,2332,358,76,49,989,248,946,342
"295",121.2775,24.055833,"891664989",62,52,322,3743,142,-21,163,96,12,110,11,2531,395,67,55,1086,227,1058,304
"296",120.960556,23.468333,"891664993",40,55,363,3247,111,-40,151,81,11,81,-5,3359,582,74,66,1625,231,1625,359
"297",120.752222,22.630556,"891664987",110,39,315,2895,165,41,125,145,68,145,68,2339,510,33,86,1425,111,1425,111
"298",121.2775,24.055833,"891664953",62,52,322,3743,142,-21,163,96,12,110,11,2531,395,67,55,1086,227,1058,304
"299",121.2775,24.055833,"891664961",62,52,322,3743,142,-21,163,96,12,110,11,2531,395,67,55,1086,227,1058,304
"300",121.2775,24.055833,"891664964",62,52,322,3743,142,-21,163,96,12,110,11,2531,395,67,55,1086,227,1058,304
"301",121.2775,24.055833,"891664995",62,52,322,3743,142,-21,163,96,12,110,11,2531,395,67,55,1086,227,1058,304
"302",121.443333,24.361667,"891664977",39,47,304,3705,118,-37,155,78,-8,88,-11,2851,393,131,36,1100,405,869,481
"303",121.443333,24.361667,"891665182",39,47,304,3705,118,-37,155,78,-8,88,-11,2851,393,131,36,1100,405,869,481
"304",121.253056,23.991667,"891665041",81,53,319,3825,162,-4,166,116,29,130,29,2590,408,67,55,1113,227,1078,310
"305",120.752222,22.630556,"891664959",110,39,315,2895,165,41,125,145,68,145,68,2339,510,33,86,1425,111,1425,111
"306",120.960556,23.468333,"891664971",40,55,363,3247,111,-40,151,81,11,81,-5,3359,582,74,66,1625,231,1625,359
"307",120.960556,23.468333,"891664963",40,55,363,3247,111,-40,151,81,11,81,-5,3359,582,74,66,1625,231,1625,359
"308",121.438781,24.381639,"1086064431",47,47,300,3763,126,-31,157,66,-2,96,-4,2743,387,133,35,1075,411,769,485
"309",120.85731,23.473374,"1086064456",107,55,339,3621,182,18,163,151,73,151,56,3426,660,66,77,1838,200,1838,251
"310",121.204558,24.322183,"1086064469",58,50,304,3884,139,-24,163,93,7,108,5,2578,383,81,48,1079,265,1006,376
"311",120.757265,22.622926,"1086064478",91,39,321,2807,145,24,121,125,52,125,52,2380,518,33,87,1459,109,1459,109
"312",121.004632,24.34688,"1086064481",130,47,271,4350,214,39,175,168,92,186,69,2434,389,74,50,1097,229,918,417
"313",120.805754,22.99037,"1086064483",118,48,331,3259,183,38,145,158,88,158,72,2631,568,41,85,1576,140,1576,145
"314",121.140672,24.289931,"1086064487",138,50,279,4380,225,46,180,177,99,194,77,1997,360,51,62,966,171,902,255
"315",121.258029,24.461149,"1086064489",55,47,291,3908,135,-25,160,96,4,106,1,2608,328,111,34,960,351,832,466
"316",121.310299,24.436582,"1086064492",63,47,291,3944,144,-18,162,105,12,115,9,2854,363,122,35,1067,382,941,488
"317",121.438984,24.383264,"1086064493",50,47,298,3792,130,-28,157,70,1,100,-1,2731,396,138,35,1102,424,712,499
"318",121.440069,24.714345,"1086064494",137,41,238,4471,223,51,172,160,78,196,75,3694,470,209,27,1322,643,984,733
"319",121.003518,24.3467,"1086064495",130,47,271,4350,214,39,175,168,92,186,69,2434,389,74,50,1097,229,918,417
"320",120.751056,22.618672,"1086064496",91,39,321,2807,145,24,121,125,52,125,52,2380,518,33,87,1459,109,1459,109
"321",120.752031,22.612081,"1086064497",92,39,320,2803,146,25,121,126,53,126,53,2399,523,32,88,1477,108,1477,108
"322",121.267576,24.427815,"1086064499",50,47,297,3861,130,-30,160,90,0,100,-3,2648,334,109,36,996,345,900,454
"323",120.79766,23.532997,"1086064500",121,56,332,3744,197,30,167,167,86,167,68,3494,688,55,80,1911,171,1911,224
"324",121.448226,24.712425,"1086064501",123,41,242,4372,207,39,169,146,65,180,63,3831,498,219,27,1398,675,997,765
"325",121.512801,24.120558,"1086064502",123,47,282,4059,205,38,168,143,67,175,67,2948,438,117,43,1246,381,924,446
"326",121.443718,24.714876,"1086064503",123,41,242,4372,207,39,169,146,65,180,63,3831,498,219,27,1398,675,997,765
"327",120.933364,23.472431,"1086064504",59,55,356,3353,131,-24,155,100,28,100,12,2989,567,63,74,1573,193,1573,231
"328",120.8549,23.474997,"1086064505",107,55,339,3627,182,18,164,151,73,151,55,3403,611,73,70,1701,221,1701,278
"329",121.268604,24.489391,"1086064506",80,46,279,4080,163,-3,165,123,27,133,24,2511,341,118,31,947,368,706,483
"330",121.314781,24.118656,"1086064507",84,51,308,3913,166,-1,167,125,31,134,31,2245,314,74,46,913,248,812,323
"331",120.855546,23.475088,"1086064510",107,55,339,3627,182,18,164,151,73,151,55,3403,611,73,70,1701,221,1701,278
"332",121.443522,24.367269,"1086064512",42,47,303,3727,121,-35,156,61,-6,91,-8,2829,397,135,36,1101,415,823,490
"333",120.935018,23.473425,"1086064513",59,55,356,3353,131,-24,155,100,28,100,12,2989,567,63,74,1573,193,1573,231
"334",120.789571,23.532715,"1086064516",115,55,334,3715,191,25,166,161,81,161,63,3447,694,51,83,1929,161,1929,211
"335",121.280023,24.437273,"1086064518",73,47,287,4014,155,-9,164,115,20,126,18,2639,348,116,33,1000,366,828,479
"336",120.794536,23.545996,"1086064519",119,56,332,3749,195,28,167,165,84,165,65,3442,643,59,74,1783,187,1783,244
"337",120.856192,23.474637,"1086064520",107,55,339,3621,182,18,163,151,73,151,56,3426,660,66,77,1838,200,1838,251
"338",120.851504,22.871665,"1086064521",124,45,323,3169,186,47,139,162,79,162,79,2589,528,43,80,1493,145,1493,145
"339",120.788166,23.541834,"1086064522",126,56,330,3786,203,35,169,173,91,173,72,3404,640,58,75,1774,184,1774,243
"340",120.778329,23.532158,"1086064523",117,55,333,3725,193,27,166,163,83,163,64,3409,702,48,85,1948,152,1948,200
"341",121.438381,24.379835,"1086064524",47,47,300,3763,126,-31,157,66,-2,96,-4,2743,387,133,35,1075,411,769,485
"342",120.774373,23.53143,"1086064525",125,55,330,3762,201,34,168,171,90,171,71,3325,706,43,89,1958,137,1958,183
"343",120.855811,23.474727,"1086064527",107,55,339,3621,182,18,163,151,73,151,56,3426,660,66,77,1838,200,1838,251
"344",120.809777,22.987576,"1086064528",112,48,333,3234,177,33,144,152,82,152,66,2597,542,43,81,1505,147,1505,151
"345",120.786997,23.537768,"1086064529",112,56,335,3703,187,22,166,157,77,157,59,3598,687,58,77,1919,184,1919,243
"346",121.199995,24.340247,"1086064530",54,49,304,3865,135,-27,162,89,4,104,2,2572,371,84,46,1051,276,980,390
"347",120.793514,23.547891,"1086064531",119,56,332,3749,195,28,167,165,84,165,65,3442,643,59,74,1783,187,1783,244
"348",121.238956,23.564189,"1086064532",122,50,315,3671,197,37,160,168,70,168,70,3027,504,70,63,1420,234,1420,234
"349",121.214361,24.385545,"1086064533",50,48,300,3861,130,-30,161,85,0,100,-2,2308,341,85,43,933,281,869,382
"350",121.20931,24.32931,"1086064535",64,49,301,3920,145,-19,164,99,12,114,10,2642,368,89,44,1052,291,984,407
"351",120.809141,22.988839,"1086064537",112,48,333,3234,177,33,144,152,82,152,66,2597,542,43,81,1505,147,1505,151
"352",120.776451,23.53658,"1086064538",115,55,333,3718,191,25,166,161,81,161,62,3583,698,56,79,1945,180,1945,238
"353",121.320375,24.11729,"1086064539",81,51,309,3889,163,-3,166,121,29,131,28,2246,320,76,44,922,254,783,329
"354",121.210203,24.315674,"1086064541",79,50,297,4011,162,-6,167,115,26,131,24,2655,392,82,48,1107,268,1038,381
"355",121.212271,24.314768,"1086064542",79,50,297,4011,162,-6,167,115,26,131,24,2655,392,82,48,1107,268,1038,381
"356",120.894405,23.481259,"1086064543",94,55,343,3556,169,7,161,138,61,138,44,3411,616,72,71,1723,219,1723,270
"357",121.251538,23.555952,"1086064544",119,50,315,3636,193,35,158,156,68,164,68,3299,511,88,57,1437,292,1432,292
"358",121.441792,24.371337,"1086064545",42,47,303,3727,121,-35,156,61,-6,91,-8,2829,397,135,36,1101,415,823,490
"359",120.784213,23.5393,"1086064546",112,56,335,3703,187,22,166,157,77,157,59,3598,687,58,77,1919,184,1919,243
"360",120.8089,23.548723,"1086064547",117,56,334,3734,193,26,167,163,82,163,64,3497,620,65,70,1727,203,1727,265
"361",121.242025,23.555335,"1086064548",130,50,312,3702,205,45,160,175,77,175,77,3150,511,77,60,1436,257,1436,257
"362",121.199802,24.317855,"1086064549",73,50,298,3976,155,-11,166,108,20,124,18,2365,371,69,52,1034,227,971,325
"363",120.81573,23.553608,"1086064550",108,56,336,3693,184,18,166,154,74,154,56,3470,624,63,71,1736,197,1736,257
"364",120.932434,23.471528,"1086064551",63,55,355,3374,135,-20,155,105,32,105,16,3082,590,63,75,1642,193,1642,233
"365",121.242587,24.121587,"1086064552",85,52,310,3936,167,-1,169,120,31,135,31,2200,404,51,65,1053,171,1051,238
"366",121.318751,24.117113,"1086064553",81,51,309,3889,163,-3,166,121,29,131,28,2246,320,76,44,922,254,783,329
"367",121.432961,24.383281,"1086064554",57,47,296,3840,137,-22,159,77,7,107,5,2636,371,132,35,1039,408,708,482
"368",120.74073,22.616218,"1086064555",149,39,300,3045,205,77,129,185,104,185,104,2212,536,23,98,1487,77,1487,77
"369",121.297233,24.433177,"1086064556",66,47,291,3962,148,-15,163,108,14,118,12,2753,350,112,37,1030,352,945,456
"370",121.260868,23.548261,"1086064557",123,49,313,3648,198,40,158,160,72,169,72,3379,507,94,55,1483,310,1426,310
"371",120.857236,22.879978,"1086064558",109,45,329,3109,171,33,137,147,65,147,65,2616,531,44,79,1501,150,1501,150
"372",121.441637,24.372331,"1086064559",42,47,303,3727,121,-35,156,61,-6,91,-8,2829,397,135,36,1101,415,823,490
"373",121.220171,24.501297,"1086064560",79,46,277,4085,161,-4,165,115,25,132,23,2676,347,116,33,993,368,803,500
"374",121.221912,24.390906,"1086064561",44,48,303,3814,123,-36,159,78,-6,93,-8,2411,350,87,43,970,285,912,389
"375",121.200927,24.319118,"1086064562",58,50,304,3884,139,-24,163,93,7,108,5,2578,383,81,48,1079,265,1006,376
"376",121.266773,24.49129,"1086064563",80,46,279,4080,163,-3,165,123,27,133,24,2511,341,118,31,947,368,706,483
"377",121.201165,24.33853,"1086064564",54,49,304,3865,135,-27,162,89,4,104,2,2572,371,84,46,1051,276,980,390
"378",120.75343,22.613257,"1086064565",92,39,320,2803,146,25,121,126,53,126,53,2399,523,32,88,1477,108,1477,108
"379",121.243523,23.549372,"1086064566",128,50,312,3684,203,44,160,174,76,174,76,3146,511,77,60,1438,257,1438,257
"380",120.801096,23.540857,"1086064567",101,56,338,3651,177,12,164,146,68,146,50,3669,681,63,75,1902,197,1902,257
"381",121.215952,24.387673,"1086064568",50,48,300,3861,130,-30,161,85,0,100,-2,2308,341,85,43,933,281,869,382
"382",120.780446,23.548776,"1086064569",125,55,330,3778,202,33,168,171,90,171,71,3478,660,58,76,1834,184,1834,243
"383",120.776053,22.409726,"1086064570",170,33,276,2929,222,103,119,204,127,204,127,2737,583,41,86,1659,131,1659,131
"384",121.214676,24.385156,"1086064571",50,48,300,3861,130,-30,161,85,0,100,-2,2308,341,85,43,933,281,869,382
"385",121.444312,24.364739,"1086064572",39,47,304,3705,118,-37,155,78,-8,88,-11,2851,393,131,36,1100,405,869,481
"386",121.206937,24.111527,"1086064573",111,53,303,4100,195,21,174,148,54,163,54,2292,430,53,67,1119,183,1119,251
"387",120.866717,23.474195,"1086064574",91,55,345,3536,165,5,161,135,59,135,42,3523,642,73,71,1797,220,1797,275
"388",121.203798,24.327601,"1086064575",64,49,301,3922,145,-19,164,99,12,115,10,2582,377,84,46,1064,274,993,387
"389",120.756624,22.622203,"1086064577",91,39,321,2807,145,24,121,125,52,125,52,2380,518,33,87,1459,109,1459,109
"390",121.221498,24.390826,"1086064578",44,48,303,3814,123,-36,159,78,-6,93,-8,2411,350,87,43,970,285,912,389
"391",120.750856,22.616324,"1086064579",92,39,320,2803,146,25,121,126,53,126,53,2399,523,32,88,1477,108,1477,108
"392",120.780224,23.529,"1086064580",117,55,333,3725,193,27,166,163,83,163,64,3409,702,48,85,1948,152,1948,200
"393",121.250517,23.559927,"1086064581",107,50,319,3579,181,25,156,144,57,152,57,3264,501,88,56,1427,292,1404,292
"394",120.867528,23.474918,"1086064582",105,55,340,3617,180,17,163,150,72,150,54,3308,589,72,69,1642,217,1642,272
"395",120.753863,22.615696,"1086064583",92,39,320,2803,146,25,121,126,53,126,53,2399,523,32,88,1477,108,1477,108
"396",121.243456,23.555694,"1086064584",130,50,312,3702,205,45,160,175,77,175,77,3150,511,77,60,1436,257,1436,257
"397",121.296592,24.433179,"1086064585",66,47,291,3962,148,-15,163,108,14,118,12,2753,350,112,37,1030,352,945,456
"398",121.221214,24.391982,"1086064586",62,48,295,3938,143,-19,163,97,11,114,9,2214,306,84,40,858,276,798,374
"399",121.147885,23.505697,"1086064587",74,52,340,3391,146,-6,152,117,43,117,28,3128,503,80,59,1402,269,1402,276
"400",121.221272,24.391521,"1086064588",44,48,303,3814,123,-36,159,78,-6,93,-8,2411,350,87,43,970,285,912,389
"401",121.215732,24.117474,"1086064589",106,53,304,4071,190,17,173,143,50,158,49,2235,398,55,62,1043,189,1038,263
"402",121.197988,24.317045,"1086064590",73,50,298,3976,155,-11,166,108,20,124,18,2365,371,69,52,1034,227,971,325
"403",121.148612,23.533689,"1086064591",81,52,337,3459,155,0,155,117,50,125,33,2801,406,72,56,1214,242,1150,248
"404",121.210072,24.391501,"1086064592",50,48,300,3861,130,-30,161,85,0,100,-2,2308,341,85,43,933,281,869,382
"405",120.858026,22.879347,"1086064593",109,45,329,3109,171,33,137,147,65,147,65,2616,531,44,79,1501,150,1501,150
"406",121.434651,24.344181,"1086064594",52,48,301,3785,132,-27,158,92,3,101,1,2539,339,103,40,991,319,871,382
"407",121.442667,24.370793,"1086064596",42,47,303,3727,121,-35,156,61,-6,91,-8,2829,397,135,36,1101,415,823,490
"408",121.249208,24.46464,"1086064597",67,47,286,3990,149,-14,163,103,15,119,13,2530,337,104,36,950,332,835,444
"409",121.420626,24.379524,"1086064598",65,47,294,3888,146,-15,161,85,14,116,12,2443,322,116,35,906,360,733,426
"410",121.210386,24.390607,"1086064599",50,48,300,3861,130,-30,161,85,0,100,-2,2308,341,85,43,933,281,869,382
"411",120.855574,23.475991,"1086064600",107,55,339,3627,182,18,164,151,73,151,55,3403,611,73,70,1701,221,1701,278
"412",121.258619,24.460155,"1086064601",61,47,289,3947,142,-20,162,102,9,112,7,2609,339,114,33,976,362,806,478
"413",120.761311,22.628803,"1086064602",86,39,323,2798,141,19,121,120,47,120,47,2378,496,35,83,1403,117,1403,117
"414",121.218542,24.386144,"1086064603",44,48,303,3814,123,-36,159,78,-6,93,-8,2411,350,87,43,970,285,912,389
"415",121.214951,24.38484,"1086064604",50,48,300,3861,130,-30,161,85,0,100,-2,2308,341,85,43,933,281,869,382
"416",121.444894,24.714963,"1086064605",123,41,242,4372,207,39,169,146,65,180,63,3831,498,219,27,1398,675,997,765
"417",121.012071,22.822145,"1086064606",181,41,294,3334,243,103,140,221,132,221,132,2513,428,53,69,1262,171,1262,171
"418",121.440032,24.36421,"1086064607",41,47,304,3718,119,-37,156,80,-7,89,-10,2711,366,122,37,1038,378,852,450
"419",121.215043,24.386835,"1086064608",50,48,300,3861,130,-30,161,85,0,100,-2,2308,341,85,43,933,281,869,382
"420",121.439538,24.360961,"1086064609",41,47,304,3718,119,-37,156,80,-7,89,-10,2711,366,122,37,1038,378,852,450
"421",121.299274,24.760918,"1086064610",160,39,223,4683,247,71,176,209,97,221,95,3164,401,177,25,1081,539,754,691
"422",121.245495,24.457685,"1086064611",67,47,287,3985,148,-15,163,102,15,119,13,2330,316,94,37,888,300,783,401
"423",121.223409,24.389884,"1086064612",44,48,303,3814,123,-36,159,78,-6,93,-8,2411,350,87,43,970,285,912,389
"424",120.754782,22.618407,"1086064613",91,39,321,2807,145,24,121,125,52,125,52,2380,518,33,87,1459,109,1459,109
"425",121.441815,24.366733,"1086064614",42,47,303,3727,121,-35,156,61,-6,91,-8,2829,397,135,36,1101,415,823,490
"426",121.436208,24.346975,"1086064615",52,48,301,3785,132,-27,158,92,3,101,1,2539,339,103,40,991,319,871,382
